,CVE_ENT,NOM_ENT,NOM_ABR,CVE_MUN,NOM_MUN
0,1,Aguascalientes,Ags.,1,AGUASCALIENTES
1,1,Aguascalientes,Ags.,2,ASIENTOS
2,1,Aguascalientes,Ags.,3,CALVILLO
3,1,Aguascalientes,Ags.,4,COSIO
4,1,Aguascalientes,Ags.,5,JESUS MARIA
5,1,Aguascalientes,Ags.,6,PABELLON DE ARTEAGA
6,1,Aguascalientes,Ags.,7,RINCON DE ROMOS
7,1,Aguascalientes,Ags.,8,SAN JOSE DE GRACIA
8,1,Aguascalientes,Ags.,9,TEPEZALA
9,1,Aguascalientes,Ags.,10,EL LLANO
10,1,Aguascalientes,Ags.,11,SAN FRANCISCO DE LOS ROMO
11,2,Baja California,BC,1,ENSENADA
12,2,Baja California,BC,2,MEXICALI
13,2,Baja California,BC,3,TECATE
14,2,Baja California,BC,4,TIJUANA
15,2,Baja California,BC,5,PLAYAS DE ROSARITO
16,2,Baja California,BC,6,SAN QUINTIN
17,2,Baja California,BC,7,SAN FELIPE
18,3,Baja California Sur,BCS,1,COMONDU
19,3,Baja California Sur,BCS,2,MULEGE
20,3,Baja California Sur,BCS,3,LA PAZ
21,3,Baja California Sur,BCS,8,LOS CABOS
22,3,Baja California Sur,BCS,9,LORETO
23,4,Campeche,Camp.,1,CALKINI
24,4,Campeche,Camp.,2,CAMPECHE
25,4,Campeche,Camp.,3,CARMEN
26,4,Campeche,Camp.,4,CHAMPOTON
27,4,Campeche,Camp.,5,HECELCHAKAN
28,4,Campeche,Camp.,6,HOPELCHEN
29,4,Campeche,Camp.,7,PALIZADA
30,4,Campeche,Camp.,8,TENABO
31,4,Campeche,Camp.,9,ESCARCEGA
32,4,Campeche,Camp.,10,CALAKMUL
33,4,Campeche,Camp.,11,CANDELARIA
34,4,Campeche,Camp.,12,SEYBAPLAYA
35,4,Campeche,Camp.,13,DZITBALCHE
36,5,Coahuila,Coah.,1,ABASOLO
37,5,Coahuila,Coah.,2,ACUÑA
38,5,Coahuila,Coah.,3,ALLENDE
39,5,Coahuila,Coah.,4,ARTEAGA
40,5,Coahuila,Coah.,5,CANDELA
41,5,Coahuila,Coah.,6,CASTAÑOS
42,5,Coahuila,Coah.,7,CUATRO CIENEGAS
43,5,Coahuila,Coah.,8,ESCOBEDO
44,5,Coahuila,Coah.,9,FRANCISCO I. MADERO
45,5,Coahuila,Coah.,10,FRONTERA
46,5,Coahuila,Coah.,11,GENERAL CEPEDA
47,5,Coahuila,Coah.,12,GUERRERO
48,5,Coahuila,Coah.,13,HIDALGO
49,5,Coahuila,Coah.,14,JIMENEZ
50,5,Coahuila,Coah.,15,JUAREZ
51,5,Coahuila,Coah.,16,LAMADRID
52,5,Coahuila,Coah.,17,MATAMOROS
53,5,Coahuila,Coah.,18,MONCLOVA
54,5,Coahuila,Coah.,19,MORELOS
55,5,Coahuila,Coah.,20,MUZQUIZ
56,5,Coahuila,Coah.,21,NADADORES
57,5,Coahuila,Coah.,22,NAVA
58,5,Coahuila,Coah.,23,OCAMPO
59,5,Coahuila,Coah.,24,PARRAS
60,5,Coahuila,Coah.,25,PIEDRAS NEGRAS
61,5,Coahuila,Coah.,26,PROGRESO
62,5,Coahuila,Coah.,27,RAMOS ARIZPE
63,5,Coahuila,Coah.,28,SABINAS
64,5,Coahuila,Coah.,29,SACRAMENTO
65,5,Coahuila,Coah.,30,SALTILLO
66,5,Coahuila,Coah.,31,SAN BUENAVENTURA
67,5,Coahuila,Coah.,32,SAN JUAN DE SABINAS
68,5,Coahuila,Coah.,33,SAN PEDRO
69,5,Coahuila,Coah.,34,SIERRA MOJADA
70,5,Coahuila,Coah.,35,TORREON
71,5,Coahuila,Coah.,36,VIESCA
72,5,Coahuila,Coah.,37,VILLA UNION
73,5,Coahuila,Coah.,38,ZARAGOZA
74,6,Colima,Col.,1,ARMERIA
75,6,Colima,Col.,2,COLIMA
76,6,Colima,Col.,3,COMALA
77,6,Colima,Col.,4,COQUIMATLAN
78,6,Colima,Col.,5,CUAUHTEMOC
79,6,Colima,Col.,6,IXTLAHUACAN
80,6,Colima,Col.,7,MANZANILLO
81,6,Colima,Col.,8,MINATITLAN
82,6,Colima,Col.,9,TECOMAN
83,6,Colima,Col.,10,VILLA DE ALVAREZ
84,7,Chiapas,Chis.,1,ACACOYAGUA
85,7,Chiapas,Chis.,2,ACALA
86,7,Chiapas,Chis.,3,ACAPETAHUA
87,7,Chiapas,Chis.,4,ALTAMIRANO
88,7,Chiapas,Chis.,5,AMATAN
89,7,Chiapas,Chis.,6,AMATENANGO DE LA FRONTERA
90,7,Chiapas,Chis.,7,AMATENANGO DEL VALLE
91,7,Chiapas,Chis.,8,ANGEL ALBINO CORZO
92,7,Chiapas,Chis.,9,ARRIAGA
93,7,Chiapas,Chis.,10,BEJUCAL DE OCAMPO
94,7,Chiapas,Chis.,11,BELLA VISTA
95,7,Chiapas,Chis.,12,BERRIOZABAL
96,7,Chiapas,Chis.,13,BOCHIL
97,7,Chiapas,Chis.,14,EL BOSQUE
98,7,Chiapas,Chis.,15,CACAHOATAN
99,7,Chiapas,Chis.,16,CATAZAJA
100,7,Chiapas,Chis.,17,CINTALAPA DE FIGUEROA
101,7,Chiapas,Chis.,18,COAPILLA
102,7,Chiapas,Chis.,19,COMITAN DE DOMINGUEZ
103,7,Chiapas,Chis.,20,LA CONCORDIA
104,7,Chiapas,Chis.,21,COPAINALA
105,7,Chiapas,Chis.,22,CHALCHIHUITAN
106,7,Chiapas,Chis.,23,CHAMULA
107,7,Chiapas,Chis.,24,CHANAL
108,7,Chiapas,Chis.,25,CHAPULTENANGO
109,7,Chiapas,Chis.,26,CHENALHO
110,7,Chiapas,Chis.,27,CHIAPA DE CORZO
111,7,Chiapas,Chis.,28,CHIAPILLA
112,7,Chiapas,Chis.,29,CHICOASEN
113,7,Chiapas,Chis.,30,CHICOMUSELO
114,7,Chiapas,Chis.,31,CHILON
115,7,Chiapas,Chis.,32,ESCUINTLA
116,7,Chiapas,Chis.,33,FRANCISCO LEON
117,7,Chiapas,Chis.,34,FRONTERA COMALAPA
118,7,Chiapas,Chis.,35,FRONTERA HIDALGO
119,7,Chiapas,Chis.,36,LA GRANDEZA
120,7,Chiapas,Chis.,37,HUEHUETAN
121,7,Chiapas,Chis.,38,HUIXTAN
122,7,Chiapas,Chis.,39,HUITIUPAN
123,7,Chiapas,Chis.,40,HUIXTLA
124,7,Chiapas,Chis.,41,LA INDEPENDENCIA
125,7,Chiapas,Chis.,42,IXHUATAN
126,7,Chiapas,Chis.,43,IXTACOMITAN
127,7,Chiapas,Chis.,44,IXTAPA
128,7,Chiapas,Chis.,45,IXTAPANGAJOYA
129,7,Chiapas,Chis.,46,JIQUIPILAS
130,7,Chiapas,Chis.,47,JITOTOL
131,7,Chiapas,Chis.,48,JUAREZ
132,7,Chiapas,Chis.,49,LARRAINZAR
133,7,Chiapas,Chis.,50,LA LIBERTAD
134,7,Chiapas,Chis.,51,MAPASTEPEC
135,7,Chiapas,Chis.,52,LAS MARGARITAS
136,7,Chiapas,Chis.,53,MAZAPA DE MADERO
137,7,Chiapas,Chis.,54,MAZATAN
138,7,Chiapas,Chis.,55,METAPA
139,7,Chiapas,Chis.,56,MITONTIC
140,7,Chiapas,Chis.,57,MOTOZINTLA
141,7,Chiapas,Chis.,58,NICOLAS RUIZ
142,7,Chiapas,Chis.,59,OCOSINGO
143,7,Chiapas,Chis.,60,OCOTEPEC
144,7,Chiapas,Chis.,61,OCOZOCOAUTLA DE ESPINOSA
145,7,Chiapas,Chis.,62,OSTUACAN
146,7,Chiapas,Chis.,63,OSUMACINTA
147,7,Chiapas,Chis.,64,OXCHUC
148,7,Chiapas,Chis.,65,PALENQUE
149,7,Chiapas,Chis.,66,PANTELHO
150,7,Chiapas,Chis.,67,PANTEPEC
151,7,Chiapas,Chis.,68,PICHUCALCO
152,7,Chiapas,Chis.,69,PIJIJIAPAN
153,7,Chiapas,Chis.,70,EL PORVENIR
154,7,Chiapas,Chis.,71,VILLA COMALTITLAN
155,7,Chiapas,Chis.,72,PUEBLO NUEVO SOLISTAHUACAN
156,7,Chiapas,Chis.,73,RAYON
157,7,Chiapas,Chis.,74,REFORMA
158,7,Chiapas,Chis.,75,LAS ROSAS
159,7,Chiapas,Chis.,76,SABANILLA
160,7,Chiapas,Chis.,77,SALTO DE AGUA
161,7,Chiapas,Chis.,78,SAN CRISTOBAL DE LAS CASAS
162,7,Chiapas,Chis.,79,SAN FERNANDO
163,7,Chiapas,Chis.,80,SILTEPEC
164,7,Chiapas,Chis.,81,SIMOJOVEL
165,7,Chiapas,Chis.,82,SITALA
166,7,Chiapas,Chis.,83,SOCOLTENANGO
167,7,Chiapas,Chis.,84,SOLOSUCHIAPA
168,7,Chiapas,Chis.,85,SOYALO
169,7,Chiapas,Chis.,86,SUCHIAPA
170,7,Chiapas,Chis.,87,SUCHIATE
171,7,Chiapas,Chis.,88,SUNUAPA
172,7,Chiapas,Chis.,89,TAPACHULA
173,7,Chiapas,Chis.,90,TAPALAPA
174,7,Chiapas,Chis.,91,TAPILULA
175,7,Chiapas,Chis.,92,TECPATAN
176,7,Chiapas,Chis.,93,TENEJAPA
177,7,Chiapas,Chis.,94,TEOPISCA
178,7,Chiapas,Chis.,96,TILA
179,7,Chiapas,Chis.,97,TONALA
180,7,Chiapas,Chis.,98,TOTOLAPA
181,7,Chiapas,Chis.,99,LA TRINITARIA
182,7,Chiapas,Chis.,100,TUMBALA
183,7,Chiapas,Chis.,101,TUXTLA GUTIERREZ
184,7,Chiapas,Chis.,102,TUXTLA CHICO
185,7,Chiapas,Chis.,103,TUZANTAN
186,7,Chiapas,Chis.,104,TZIMOL
187,7,Chiapas,Chis.,105,UNION JUAREZ
188,7,Chiapas,Chis.,106,VENUSTIANO CARRANZA
189,7,Chiapas,Chis.,107,VILLA CORZO
190,7,Chiapas,Chis.,108,VILLAFLORES
191,7,Chiapas,Chis.,109,YAJALON
192,7,Chiapas,Chis.,110,SAN LUCAS
193,7,Chiapas,Chis.,111,ZINACANTAN
194,7,Chiapas,Chis.,112,SAN JUAN CANCUC
195,7,Chiapas,Chis.,113,ALDAMA
196,7,Chiapas,Chis.,114,BENEMERITO DE LAS AMERICAS
197,7,Chiapas,Chis.,115,MARAVILLA TENEJAPA
198,7,Chiapas,Chis.,116,MARQUES DE COMILLAS
199,7,Chiapas,Chis.,117,MONTECRISTO DE GUERRERO
200,7,Chiapas,Chis.,118,SAN ANDRES DURAZNAL
201,7,Chiapas,Chis.,119,SANTIAGO EL PINAR
202,7,Chiapas,Chis.,120,CAPITAN LUIS ANGEL VIDAL
203,7,Chiapas,Chis.,121,RINCON CHAMULA SAN PEDRO
204,7,Chiapas,Chis.,122,EL PARRAL
205,7,Chiapas,Chis.,123,EMILIANO ZAPATA
206,7,Chiapas,Chis.,124,MEZCALAPA
207,7,Chiapas,Chis.,125,HONDURAS DE LA SIERRA
208,8,Chihuahua,Chih.,1,AHUMADA
209,8,Chihuahua,Chih.,2,ALDAMA
210,8,Chihuahua,Chih.,3,ALLENDE
211,8,Chihuahua,Chih.,4,AQUILES SERDAN
212,8,Chihuahua,Chih.,5,ASCENSION
213,8,Chihuahua,Chih.,6,BACHINIVA
214,8,Chihuahua,Chih.,7,BALLEZA
215,8,Chihuahua,Chih.,8,BATOPILAS DE MANUEL GOMEZ MORIN
216,8,Chihuahua,Chih.,9,BOCOYNA
217,8,Chihuahua,Chih.,10,BUENAVENTURA
218,8,Chihuahua,Chih.,11,CAMARGO
219,8,Chihuahua,Chih.,12,CARICHI
220,8,Chihuahua,Chih.,13,CASAS GRANDES
221,8,Chihuahua,Chih.,14,CORONADO
222,8,Chihuahua,Chih.,15,COYAME DEL SOTOL
223,8,Chihuahua,Chih.,16,LA CRUZ
224,8,Chihuahua,Chih.,17,CUAUHTEMOC
225,8,Chihuahua,Chih.,18,CUSIHUIRIACHI
226,8,Chihuahua,Chih.,19,CHIHUAHUA
227,8,Chihuahua,Chih.,20,CHINIPAS
228,8,Chihuahua,Chih.,21,DELICIAS
229,8,Chihuahua,Chih.,22,DR. BELISARIO DOMINGUEZ
230,8,Chihuahua,Chih.,23,GALEANA
231,8,Chihuahua,Chih.,24,SANTA ISABEL
232,8,Chihuahua,Chih.,25,GOMEZ FARIAS
233,8,Chihuahua,Chih.,26,GRAN MORELOS
234,8,Chihuahua,Chih.,27,GUACHOCHI
235,8,Chihuahua,Chih.,28,GUADALUPE
236,8,Chihuahua,Chih.,29,GUADALUPE Y CALVO
237,8,Chihuahua,Chih.,30,GUAZAPARES
238,8,Chihuahua,Chih.,31,GUERRERO
239,8,Chihuahua,Chih.,32,HIDALGO DEL PARRAL
240,8,Chihuahua,Chih.,33,HUEJOTITAN
241,8,Chihuahua,Chih.,34,IGNACIO ZARAGOZA
242,8,Chihuahua,Chih.,35,JANOS
243,8,Chihuahua,Chih.,36,JIMENEZ
244,8,Chihuahua,Chih.,37,JUAREZ
245,8,Chihuahua,Chih.,38,JULIMES
246,8,Chihuahua,Chih.,39,LOPEZ
247,8,Chihuahua,Chih.,40,MADERA
248,8,Chihuahua,Chih.,41,MAGUARICHI
249,8,Chihuahua,Chih.,42,MANUEL BENAVIDES
250,8,Chihuahua,Chih.,43,MATACHI
251,8,Chihuahua,Chih.,44,MATAMOROS
252,8,Chihuahua,Chih.,45,MEOQUI
253,8,Chihuahua,Chih.,46,MORELOS
254,8,Chihuahua,Chih.,47,MORIS
255,8,Chihuahua,Chih.,48,NAMIQUIPA
256,8,Chihuahua,Chih.,49,NONOAVA
257,8,Chihuahua,Chih.,50,NUEVO CASAS GRANDES
258,8,Chihuahua,Chih.,51,OCAMPO
259,8,Chihuahua,Chih.,52,OJINAGA
260,8,Chihuahua,Chih.,53,PRAXEDIS G. GUERRERO
261,8,Chihuahua,Chih.,54,RIVA PALACIO
262,8,Chihuahua,Chih.,55,ROSALES
263,8,Chihuahua,Chih.,56,ROSARIO
264,8,Chihuahua,Chih.,57,SAN FRANCISCO DE BORJA
265,8,Chihuahua,Chih.,58,SAN FRANCISCO DE CONCHOS
266,8,Chihuahua,Chih.,59,SAN FRANCISCO DEL ORO
267,8,Chihuahua,Chih.,60,SANTA BARBARA
268,8,Chihuahua,Chih.,61,SATEVO
269,8,Chihuahua,Chih.,62,SAUCILLO
270,8,Chihuahua,Chih.,63,TEMOSACHIC
271,8,Chihuahua,Chih.,64,EL TULE
272,8,Chihuahua,Chih.,65,URIQUE
273,8,Chihuahua,Chih.,66,URUACHI
274,8,Chihuahua,Chih.,67,VALLE DE ZARAGOZA
275,9,CDMX,CDMX,2,AZCAPOTZALCO
276,9,CDMX,CDMX,3,COYOACAN
277,9,CDMX,CDMX,4,CUAJIMALPA DE MORELOS
278,9,CDMX,CDMX,5,GUSTAVO A. MADERO
279,9,CDMX,CDMX,6,IZTACALCO
280,9,CDMX,CDMX,7,IZTAPALAPA
281,9,CDMX,CDMX,8,LA MAGDALENA CONTRERAS
282,9,CDMX,CDMX,9,MILPA ALTA
283,9,CDMX,CDMX,10,ALVARO OBREGON
284,9,CDMX,CDMX,11,TLAHUAC
285,9,CDMX,CDMX,12,TLALPAN
286,9,CDMX,CDMX,13,XOCHIMILCO
287,9,CDMX,CDMX,14,BENITO JUAREZ
288,9,CDMX,CDMX,15,CUAUHTEMOC
289,9,CDMX,CDMX,16,MIGUEL HIDALGO
290,9,CDMX,CDMX,17,VENUSTIANO CARRANZA
291,10,Durango,Dgo.,1,CANATLAN
292,10,Durango,Dgo.,2,CANELAS
293,10,Durango,Dgo.,3,CONETO DE COMONFORT
294,10,Durango,Dgo.,4,CUENCAME
295,10,Durango,Dgo.,5,DURANGO
296,10,Durango,Dgo.,6,GENERAL SIMON BOLIVAR
297,10,Durango,Dgo.,7,GOMEZ PALACIO
298,10,Durango,Dgo.,8,GUADALUPE VICTORIA
299,10,Durango,Dgo.,9,GUANACEVI
300,10,Durango,Dgo.,10,HIDALGO
301,10,Durango,Dgo.,11,INDE
302,10,Durango,Dgo.,12,LERDO
303,10,Durango,Dgo.,13,MAPIMI
304,10,Durango,Dgo.,14,MEZQUITAL
305,10,Durango,Dgo.,15,NAZAS
306,10,Durango,Dgo.,16,NOMBRE DE DIOS
307,10,Durango,Dgo.,17,OCAMPO
308,10,Durango,Dgo.,18,EL ORO
309,10,Durango,Dgo.,19,OTAEZ
310,10,Durango,Dgo.,20,PANUCO DE CORONADO
311,10,Durango,Dgo.,21,PEÑON BLANCO
312,10,Durango,Dgo.,22,POANAS
313,10,Durango,Dgo.,23,PUEBLO NUEVO
314,10,Durango,Dgo.,24,RODEO
315,10,Durango,Dgo.,25,SAN BERNARDO
316,10,Durango,Dgo.,26,SAN DIMAS
317,10,Durango,Dgo.,27,SAN JUAN DE GUADALUPE
318,10,Durango,Dgo.,28,SAN JUAN DEL RIO
319,10,Durango,Dgo.,29,SAN LUIS DEL CORDERO
320,10,Durango,Dgo.,30,SAN PEDRO DEL GALLO
321,10,Durango,Dgo.,31,SANTA CLARA
322,10,Durango,Dgo.,32,SANTIAGO PAPASQUIARO
323,10,Durango,Dgo.,33,SUCHIL
324,10,Durango,Dgo.,34,TAMAZULA
325,10,Durango,Dgo.,35,TEPEHUANES
326,10,Durango,Dgo.,36,TLAHUALILO
327,10,Durango,Dgo.,37,TOPIA
328,10,Durango,Dgo.,38,VICENTE GUERRERO
329,10,Durango,Dgo.,39,NUEVO IDEAL
330,11,Guanajuato,Gto.,1,ABASOLO
331,11,Guanajuato,Gto.,2,ACAMBARO
332,11,Guanajuato,Gto.,3,SAN MIGUEL DE ALLENDE
333,11,Guanajuato,Gto.,4,APASEO EL ALTO
334,11,Guanajuato,Gto.,5,APASEO EL GRANDE
335,11,Guanajuato,Gto.,6,ATARJEA
336,11,Guanajuato,Gto.,7,CELAYA
337,11,Guanajuato,Gto.,8,MANUEL DOBLADO
338,11,Guanajuato,Gto.,9,COMONFORT
339,11,Guanajuato,Gto.,10,CORONEO
340,11,Guanajuato,Gto.,11,CORTAZAR
341,11,Guanajuato,Gto.,12,CUERAMARO
342,11,Guanajuato,Gto.,13,DOCTOR MORA
343,11,Guanajuato,Gto.,14,DOLORES HIDALGO CUNA DE LA INDEPENDENCIA NACIONAL
344,11,Guanajuato,Gto.,15,GUANAJUATO
345,11,Guanajuato,Gto.,16,HUANIMARO
346,11,Guanajuato,Gto.,17,IRAPUATO
347,11,Guanajuato,Gto.,18,JARAL DEL PROGRESO
348,11,Guanajuato,Gto.,19,JERECUARO
349,11,Guanajuato,Gto.,20,LEON
350,11,Guanajuato,Gto.,21,MOROLEON
351,11,Guanajuato,Gto.,22,OCAMPO
352,11,Guanajuato,Gto.,23,PENJAMO
353,11,Guanajuato,Gto.,24,PUEBLO NUEVO
354,11,Guanajuato,Gto.,25,PURISIMA DEL RINCON
355,11,Guanajuato,Gto.,26,ROMITA
356,11,Guanajuato,Gto.,27,SALAMANCA
357,11,Guanajuato,Gto.,28,SALVATIERRA
358,11,Guanajuato,Gto.,29,SAN DIEGO DE LA UNION
359,11,Guanajuato,Gto.,30,SAN FELIPE
360,11,Guanajuato,Gto.,31,SAN FRANCISCO DEL RINCON
361,11,Guanajuato,Gto.,32,SAN JOSE ITURBIDE
362,11,Guanajuato,Gto.,33,SAN LUIS DE LA PAZ
363,11,Guanajuato,Gto.,34,SANTA CATARINA
364,11,Guanajuato,Gto.,35,SANTA CRUZ DE JUVENTINO ROSAS
365,11,Guanajuato,Gto.,36,SANTIAGO MARAVATIO
366,11,Guanajuato,Gto.,37,SILAO DE LA VICTORIA
367,11,Guanajuato,Gto.,38,TARANDACUAO
368,11,Guanajuato,Gto.,39,TARIMORO
369,11,Guanajuato,Gto.,40,TIERRA BLANCA
370,11,Guanajuato,Gto.,41,URIANGATO
371,11,Guanajuato,Gto.,42,VALLE DE SANTIAGO
372,11,Guanajuato,Gto.,43,VICTORIA
373,11,Guanajuato,Gto.,44,VILLAGRAN
374,11,Guanajuato,Gto.,45,XICHU
375,11,Guanajuato,Gto.,46,YURIRIA
376,12,Guerrero,Gro.,1,ACAPULCO DE JUAREZ
377,12,Guerrero,Gro.,2,AHUACUOTZINGO
378,12,Guerrero,Gro.,3,AJUCHITLAN DEL PROGRESO
379,12,Guerrero,Gro.,4,ALCOZAUCA DE GUERRERO
380,12,Guerrero,Gro.,5,ALPOYECA
381,12,Guerrero,Gro.,6,APAXTLA
382,12,Guerrero,Gro.,7,ARCELIA
383,12,Guerrero,Gro.,8,ATENANGO DEL RIO
384,12,Guerrero,Gro.,9,ATLAMAJALCINGO DEL MONTE
385,12,Guerrero,Gro.,10,ATLIXTAC
386,12,Guerrero,Gro.,11,ATOYAC DE ALVAREZ
387,12,Guerrero,Gro.,12,AYUTLA DE LOS LIBRES
388,12,Guerrero,Gro.,13,AZOYU
389,12,Guerrero,Gro.,14,BENITO JUAREZ
390,12,Guerrero,Gro.,15,BUENAVISTA DE CUELLAR
391,12,Guerrero,Gro.,16,COAHUAYUTLA DE JOSE MARIA IZAZAGA
392,12,Guerrero,Gro.,17,COCULA
393,12,Guerrero,Gro.,18,COPALA
394,12,Guerrero,Gro.,19,COPALILLO
395,12,Guerrero,Gro.,20,COPANATOYAC
396,12,Guerrero,Gro.,21,COYUCA DE BENITEZ
397,12,Guerrero,Gro.,22,COYUCA DE CATALAN
398,12,Guerrero,Gro.,23,CUAJINICUILAPA
399,12,Guerrero,Gro.,24,CUALAC
400,12,Guerrero,Gro.,25,CUAUTEPEC
401,12,Guerrero,Gro.,26,CUETZALA DEL PROGRESO
402,12,Guerrero,Gro.,27,CUTZAMALA DE PINZON
403,12,Guerrero,Gro.,28,CHILAPA DE ALVAREZ
404,12,Guerrero,Gro.,29,CHILPANCINGO DE LOS BRAVO
405,12,Guerrero,Gro.,30,FLORENCIO VILLARREAL
406,12,Guerrero,Gro.,31,GENERAL CANUTO A. NERI
407,12,Guerrero,Gro.,32,GENERAL HELIODORO CASTILLO
408,12,Guerrero,Gro.,33,HUAMUXTITLAN
409,12,Guerrero,Gro.,34,HUITZUCO DE LOS FIGUEROA
410,12,Guerrero,Gro.,35,IGUALA DE LA INDEPENDENCIA
411,12,Guerrero,Gro.,36,IGUALAPA
412,12,Guerrero,Gro.,37,IXCATEOPAN DE CUAUHTEMOC
413,12,Guerrero,Gro.,38,ZIHUATANEJO DE AZUETA
414,12,Guerrero,Gro.,39,JUAN R. ESCUDERO
415,12,Guerrero,Gro.,40,LEONARDO BRAVO
416,12,Guerrero,Gro.,41,MALINALTEPEC
417,12,Guerrero,Gro.,42,MARTIR DE CUILAPAN
418,12,Guerrero,Gro.,43,METLATONOC
419,12,Guerrero,Gro.,44,MOCHITLAN
420,12,Guerrero,Gro.,45,OLINALA
421,12,Guerrero,Gro.,46,OMETEPEC
422,12,Guerrero,Gro.,47,PEDRO ASCENCIO ALQUISIRAS
423,12,Guerrero,Gro.,48,PETATLAN
424,12,Guerrero,Gro.,49,PILCAYA
425,12,Guerrero,Gro.,50,PUNGARABATO
426,12,Guerrero,Gro.,51,QUECHULTENANGO
427,12,Guerrero,Gro.,52,SAN LUIS ACATLAN
428,12,Guerrero,Gro.,53,SAN MARCOS
429,12,Guerrero,Gro.,54,SAN MIGUEL TOTOLAPAN
430,12,Guerrero,Gro.,55,TAXCO DE ALARCON
431,12,Guerrero,Gro.,56,TECOANAPA
432,12,Guerrero,Gro.,57,TECPAN DE GALEANA
433,12,Guerrero,Gro.,58,TELOLOAPAN
434,12,Guerrero,Gro.,59,TEPECOACUILCO DE TRUJANO
435,12,Guerrero,Gro.,60,TETIPAC
436,12,Guerrero,Gro.,61,TIXTLA DE GUERRERO
437,12,Guerrero,Gro.,62,TLACOACHISTLAHUACA
438,12,Guerrero,Gro.,63,TLACOAPA
439,12,Guerrero,Gro.,64,TLALCHAPA
440,12,Guerrero,Gro.,65,TLALIXTAQUILLA DE MALDONADO
441,12,Guerrero,Gro.,66,TLAPA DE COMONFORT
442,12,Guerrero,Gro.,67,TLAPEHUALA
443,12,Guerrero,Gro.,68,LA UNION DE ISIDORO MONTES DE OCA
444,12,Guerrero,Gro.,69,XALPATLAHUAC
445,12,Guerrero,Gro.,70,XOCHIHUEHUETLAN
446,12,Guerrero,Gro.,71,XOCHISTLAHUACA
447,12,Guerrero,Gro.,72,ZAPOTITLAN TABLAS
448,12,Guerrero,Gro.,73,ZIRANDARO
449,12,Guerrero,Gro.,74,ZITLALA
450,12,Guerrero,Gro.,75,EDUARDO NERI
451,12,Guerrero,Gro.,76,ACATEPEC
452,12,Guerrero,Gro.,77,MARQUELIA
453,12,Guerrero,Gro.,78,COCHOAPA EL GRANDE
454,12,Guerrero,Gro.,79,JOSE JOAQUIN DE HERRERA
455,12,Guerrero,Gro.,80,JUCHITAN
456,12,Guerrero,Gro.,81,ILIATENCO
457,12,Guerrero,Gro.,82,LAS VIGAS
458,12,Guerrero,Gro.,83,ÑUU SAVI
459,12,Guerrero,Gro.,84,SANTA CRUZ DEL RINCON
460,12,Guerrero,Gro.,85,SAN NICOLAS
461,13,Hidalgo,Hgo.,1,ACATLAN
462,13,Hidalgo,Hgo.,2,ACAXOCHITLAN
463,13,Hidalgo,Hgo.,3,ACTOPAN
464,13,Hidalgo,Hgo.,4,AGUA BLANCA DE ITURBIDE
465,13,Hidalgo,Hgo.,5,AJACUBA
466,13,Hidalgo,Hgo.,6,ALFAJAYUCAN
467,13,Hidalgo,Hgo.,7,ALMOLOYA
468,13,Hidalgo,Hgo.,8,APAN
469,13,Hidalgo,Hgo.,9,EL ARENAL
470,13,Hidalgo,Hgo.,10,ATITALAQUIA
471,13,Hidalgo,Hgo.,11,ATLAPEXCO
472,13,Hidalgo,Hgo.,12,ATOTONILCO EL GRANDE
473,13,Hidalgo,Hgo.,13,ATOTONILCO DE TULA
474,13,Hidalgo,Hgo.,14,CALNALI
475,13,Hidalgo,Hgo.,15,CARDONAL
476,13,Hidalgo,Hgo.,16,CUAUTEPEC DE HINOJOSA
477,13,Hidalgo,Hgo.,17,CHAPANTONGO
478,13,Hidalgo,Hgo.,18,CHAPULHUACAN
479,13,Hidalgo,Hgo.,19,CHILCUAUTLA
480,13,Hidalgo,Hgo.,20,ELOXOCHITLAN
481,13,Hidalgo,Hgo.,21,EMILIANO ZAPATA
482,13,Hidalgo,Hgo.,22,EPAZOYUCAN
483,13,Hidalgo,Hgo.,23,FRANCISCO I. MADERO
484,13,Hidalgo,Hgo.,24,HUASCA DE OCAMPO
485,13,Hidalgo,Hgo.,25,HUAUTLA
486,13,Hidalgo,Hgo.,26,HUAZALINGO
487,13,Hidalgo,Hgo.,27,HUEHUETLA
488,13,Hidalgo,Hgo.,28,HUEJUTLA DE REYES
489,13,Hidalgo,Hgo.,29,HUICHAPAN
490,13,Hidalgo,Hgo.,30,IXMIQUILPAN
491,13,Hidalgo,Hgo.,31,JACALA DE LEDEZMA
492,13,Hidalgo,Hgo.,32,JALTOCAN
493,13,Hidalgo,Hgo.,33,JUAREZ HIDALGO
494,13,Hidalgo,Hgo.,34,LOLOTLA
495,13,Hidalgo,Hgo.,35,METEPEC
496,13,Hidalgo,Hgo.,36,SAN AGUSTIN METZQUITITLAN
497,13,Hidalgo,Hgo.,37,METZTITLAN
498,13,Hidalgo,Hgo.,38,MINERAL DEL CHICO
499,13,Hidalgo,Hgo.,39,MINERAL DEL MONTE
500,13,Hidalgo,Hgo.,40,LA MISION
501,13,Hidalgo,Hgo.,41,MIXQUIAHUALA DE JUAREZ
502,13,Hidalgo,Hgo.,42,MOLANGO DE ESCAMILLA
503,13,Hidalgo,Hgo.,43,NICOLAS FLORES
504,13,Hidalgo,Hgo.,44,NOPALA DE VILLAGRAN
505,13,Hidalgo,Hgo.,45,OMITLAN DE JUAREZ
506,13,Hidalgo,Hgo.,46,SAN FELIPE ORIZATLAN
507,13,Hidalgo,Hgo.,47,PACULA
508,13,Hidalgo,Hgo.,48,PACHUCA DE SOTO
509,13,Hidalgo,Hgo.,49,PISAFLORES
510,13,Hidalgo,Hgo.,50,PROGRESO DE OBREGON
511,13,Hidalgo,Hgo.,51,MINERAL DE LA REFORMA
512,13,Hidalgo,Hgo.,52,SAN AGUSTIN TLAXIACA
513,13,Hidalgo,Hgo.,53,SAN BARTOLO TUTOTEPEC
514,13,Hidalgo,Hgo.,54,SAN SALVADOR
515,13,Hidalgo,Hgo.,55,SANTIAGO DE ANAYA
516,13,Hidalgo,Hgo.,56,SANTIAGO TULANTEPEC DE LUGO GUERRERO
517,13,Hidalgo,Hgo.,57,SINGUILUCAN
518,13,Hidalgo,Hgo.,58,TASQUILLO
519,13,Hidalgo,Hgo.,59,TECOZAUTLA
520,13,Hidalgo,Hgo.,60,TENANGO DE DORIA
521,13,Hidalgo,Hgo.,61,TEPEAPULCO
522,13,Hidalgo,Hgo.,62,TEPEHUACAN DE GUERRERO
523,13,Hidalgo,Hgo.,63,TEPEJI DEL RIO DE OCAMPO
524,13,Hidalgo,Hgo.,64,TEPETITLAN
525,13,Hidalgo,Hgo.,65,TETEPANGO
526,13,Hidalgo,Hgo.,66,VILLA DE TEZONTEPEC
527,13,Hidalgo,Hgo.,67,TEZONTEPEC DE ALDAMA
528,13,Hidalgo,Hgo.,68,TIANGUISTENGO
529,13,Hidalgo,Hgo.,69,TIZAYUCA
530,13,Hidalgo,Hgo.,70,TLAHUELILPAN
531,13,Hidalgo,Hgo.,71,TLAHUILTEPA
532,13,Hidalgo,Hgo.,72,TLANALAPA
533,13,Hidalgo,Hgo.,73,TLANCHINOL
534,13,Hidalgo,Hgo.,74,TLAXCOAPAN
535,13,Hidalgo,Hgo.,75,TOLCAYUCA
536,13,Hidalgo,Hgo.,76,TULA DE ALLENDE
537,13,Hidalgo,Hgo.,77,TULANCINGO DE BRAVO
538,13,Hidalgo,Hgo.,78,XOCHIATIPAN
539,13,Hidalgo,Hgo.,79,XOCHICOATLAN
540,13,Hidalgo,Hgo.,80,YAHUALICA
541,13,Hidalgo,Hgo.,81,ZACUALTIPAN DE ANGELES
542,13,Hidalgo,Hgo.,82,ZAPOTLAN DE JUAREZ
543,13,Hidalgo,Hgo.,83,ZEMPOALA
544,13,Hidalgo,Hgo.,84,ZIMAPAN
545,14,Jalisco,Jal.,1,ACATIC
546,14,Jalisco,Jal.,2,ACATLAN DE JUAREZ
547,14,Jalisco,Jal.,3,AHUALULCO DE MERCADO
548,14,Jalisco,Jal.,4,AMACUECA
549,14,Jalisco,Jal.,5,AMATITAN
550,14,Jalisco,Jal.,6,AMECA
551,14,Jalisco,Jal.,7,SAN JUANITO DE ESCOBEDO
552,14,Jalisco,Jal.,8,ARANDAS
553,14,Jalisco,Jal.,9,EL ARENAL
554,14,Jalisco,Jal.,10,ATEMAJAC DE BRIZUELA
555,14,Jalisco,Jal.,11,ATENGO
556,14,Jalisco,Jal.,12,ATENGUILLO
557,14,Jalisco,Jal.,13,ATOTONILCO EL ALTO
558,14,Jalisco,Jal.,14,ATOYAC
559,14,Jalisco,Jal.,15,AUTLAN DE NAVARRO
560,14,Jalisco,Jal.,16,AYOTLAN
561,14,Jalisco,Jal.,17,AYUTLA
562,14,Jalisco,Jal.,18,LA BARCA
563,14,Jalisco,Jal.,19,BOLAÑOS
564,14,Jalisco,Jal.,20,CABO CORRIENTES
565,14,Jalisco,Jal.,21,CASIMIRO CASTILLO
566,14,Jalisco,Jal.,22,CIHUATLAN
567,14,Jalisco,Jal.,23,ZAPOTLAN EL GRANDE
568,14,Jalisco,Jal.,24,COCULA
569,14,Jalisco,Jal.,25,COLOTLAN
570,14,Jalisco,Jal.,26,CONCEPCION DE BUENOS AIRES
571,14,Jalisco,Jal.,27,CUAUTITLAN DE GARCIA BARRAGAN
572,14,Jalisco,Jal.,28,CUAUTLA
573,14,Jalisco,Jal.,29,CUQUIO
574,14,Jalisco,Jal.,30,CHAPALA
575,14,Jalisco,Jal.,31,CHIMALTITAN
576,14,Jalisco,Jal.,32,CHIQUILISTLAN
577,14,Jalisco,Jal.,33,DEGOLLADO
578,14,Jalisco,Jal.,34,EJUTLA
579,14,Jalisco,Jal.,35,ENCARNACION DE DIAZ
580,14,Jalisco,Jal.,36,ETZATLAN
581,14,Jalisco,Jal.,37,EL GRULLO
582,14,Jalisco,Jal.,38,GUACHINANGO
583,14,Jalisco,Jal.,39,GUADALAJARA
584,14,Jalisco,Jal.,40,HOSTOTIPAQUILLO
585,14,Jalisco,Jal.,41,HUEJUCAR
586,14,Jalisco,Jal.,42,HUEJUQUILLA EL ALTO
587,14,Jalisco,Jal.,43,LA HUERTA
588,14,Jalisco,Jal.,44,IXTLAHUACAN DE LOS MEMBRILLOS
589,14,Jalisco,Jal.,45,IXTLAHUACAN DEL RIO
590,14,Jalisco,Jal.,46,JALOSTOTITLAN
591,14,Jalisco,Jal.,47,JAMAY
592,14,Jalisco,Jal.,48,JESUS MARIA
593,14,Jalisco,Jal.,49,JILOTLAN DE LOS DOLORES
594,14,Jalisco,Jal.,50,JOCOTEPEC
595,14,Jalisco,Jal.,51,JUANACATLAN
596,14,Jalisco,Jal.,52,JUCHITLAN
597,14,Jalisco,Jal.,53,LAGOS DE MORENO
598,14,Jalisco,Jal.,54,EL LIMON
599,14,Jalisco,Jal.,55,MAGDALENA
600,14,Jalisco,Jal.,56,SANTA MARIA DEL ORO
601,14,Jalisco,Jal.,57,LA MANZANILLA DE LA PAZ
602,14,Jalisco,Jal.,58,MASCOTA
603,14,Jalisco,Jal.,59,MAZAMITLA
604,14,Jalisco,Jal.,60,MEXTICACAN
605,14,Jalisco,Jal.,61,MEZQUITIC
606,14,Jalisco,Jal.,62,MIXTLAN
607,14,Jalisco,Jal.,63,OCOTLAN
608,14,Jalisco,Jal.,64,OJUELOS DE JALISCO
609,14,Jalisco,Jal.,65,PIHUAMO
610,14,Jalisco,Jal.,66,PONCITLAN
611,14,Jalisco,Jal.,67,PUERTO VALLARTA
612,14,Jalisco,Jal.,68,VILLA PURIFICACION
613,14,Jalisco,Jal.,69,QUITUPAN
614,14,Jalisco,Jal.,70,EL SALTO
615,14,Jalisco,Jal.,71,SAN CRISTOBAL DE LA BARRANCA
616,14,Jalisco,Jal.,72,SAN DIEGO DE ALEJANDRIA
617,14,Jalisco,Jal.,73,SAN JUAN DE LOS LAGOS
618,14,Jalisco,Jal.,74,SAN JULIAN
619,14,Jalisco,Jal.,75,SAN MARCOS
620,14,Jalisco,Jal.,76,SAN MARTIN DE BOLAÑOS
621,14,Jalisco,Jal.,77,SAN MARTIN HIDALGO
622,14,Jalisco,Jal.,78,SAN MIGUEL EL ALTO
623,14,Jalisco,Jal.,79,GOMEZ FARIAS
624,14,Jalisco,Jal.,80,SAN SEBASTIAN DEL OESTE
625,14,Jalisco,Jal.,81,SANTA MARIA DE LOS ANGELES
626,14,Jalisco,Jal.,82,SAYULA
627,14,Jalisco,Jal.,83,TALA
628,14,Jalisco,Jal.,84,TALPA DE ALLENDE
629,14,Jalisco,Jal.,85,TAMAZULA DE GORDIANO
630,14,Jalisco,Jal.,86,TAPALPA
631,14,Jalisco,Jal.,87,TECALITLAN
632,14,Jalisco,Jal.,88,TECOLOTLAN
633,14,Jalisco,Jal.,89,TECHALUTA DE MONTENEGRO
634,14,Jalisco,Jal.,90,TENAMAXTLAN
635,14,Jalisco,Jal.,91,TEOCALTICHE
636,14,Jalisco,Jal.,92,TEOCUITATLAN DE CORONA
637,14,Jalisco,Jal.,93,TEPATITLAN DE MORELOS
638,14,Jalisco,Jal.,94,TEQUILA
639,14,Jalisco,Jal.,95,TEUCHITLAN
640,14,Jalisco,Jal.,96,TIZAPAN EL ALTO
641,14,Jalisco,Jal.,97,TLAJOMULCO DE ZUÑIGA
642,14,Jalisco,Jal.,98,SAN PEDRO TLAQUEPAQUE
643,14,Jalisco,Jal.,99,TOLIMAN
644,14,Jalisco,Jal.,100,TOMATLAN
645,14,Jalisco,Jal.,101,TONALA
646,14,Jalisco,Jal.,102,TONAYA
647,14,Jalisco,Jal.,103,TONILA
648,14,Jalisco,Jal.,104,TOTATICHE
649,14,Jalisco,Jal.,105,TOTOTLAN
650,14,Jalisco,Jal.,106,TUXCACUESCO
651,14,Jalisco,Jal.,107,TUXCUECA
652,14,Jalisco,Jal.,108,TUXPAN
653,14,Jalisco,Jal.,109,UNION DE SAN ANTONIO
654,14,Jalisco,Jal.,110,UNION DE TULA
655,14,Jalisco,Jal.,111,VALLE DE GUADALUPE
656,14,Jalisco,Jal.,112,VALLE DE JUAREZ
657,14,Jalisco,Jal.,113,SAN GABRIEL
658,14,Jalisco,Jal.,114,VILLA CORONA
659,14,Jalisco,Jal.,115,VILLA GUERRERO
660,14,Jalisco,Jal.,116,VILLA HIDALGO
661,14,Jalisco,Jal.,117,CAÑADAS DE OBREGON
662,14,Jalisco,Jal.,118,YAHUALICA DE GONZALEZ GALLO
663,14,Jalisco,Jal.,119,ZACOALCO DE TORRES
664,14,Jalisco,Jal.,120,ZAPOPAN
665,14,Jalisco,Jal.,121,ZAPOTILTIC
666,14,Jalisco,Jal.,122,ZAPOTITLAN DE VADILLO
667,14,Jalisco,Jal.,123,ZAPOTLAN DEL REY
668,14,Jalisco,Jal.,124,ZAPOTLANEJO
669,14,Jalisco,Jal.,125,SAN IGNACIO CERRO GORDO
670,15,Estado de Mexico,Mex.,1,ACAMBAY DE RUIZ CASTAÑEDA
671,15,Estado de Mexico,Mex.,2,ACOLMAN
672,15,Estado de Mexico,Mex.,3,ACULCO
673,15,Estado de Mexico,Mex.,4,ALMOLOYA DE ALQUISIRAS
674,15,Estado de Mexico,Mex.,5,ALMOLOYA DE JUAREZ
675,15,Estado de Mexico,Mex.,6,ALMOLOYA DEL RIO
676,15,Estado de Mexico,Mex.,7,AMANALCO
677,15,Estado de Mexico,Mex.,8,AMATEPEC
678,15,Estado de Mexico,Mex.,9,AMECAMECA
679,15,Estado de Mexico,Mex.,10,APAXCO
680,15,Estado de Mexico,Mex.,11,ATENCO
681,15,Estado de Mexico,Mex.,12,ATIZAPAN
682,15,Estado de Mexico,Mex.,13,ATIZAPAN DE ZARAGOZA
683,15,Estado de Mexico,Mex.,14,ATLACOMULCO
684,15,Estado de Mexico,Mex.,15,ATLAUTLA
685,15,Estado de Mexico,Mex.,16,AXAPUSCO
686,15,Estado de Mexico,Mex.,17,AYAPANGO
687,15,Estado de Mexico,Mex.,18,CALIMAYA
688,15,Estado de Mexico,Mex.,19,CAPULHUAC
689,15,Estado de Mexico,Mex.,20,COACALCO DE BERRIOZABAL
690,15,Estado de Mexico,Mex.,21,COATEPEC HARINAS
691,15,Estado de Mexico,Mex.,22,COCOTITLAN
692,15,Estado de Mexico,Mex.,23,COYOTEPEC
693,15,Estado de Mexico,Mex.,24,CUAUTITLAN
694,15,Estado de Mexico,Mex.,25,CHALCO
695,15,Estado de Mexico,Mex.,26,CHAPA DE MOTA
696,15,Estado de Mexico,Mex.,27,CHAPULTEPEC
697,15,Estado de Mexico,Mex.,28,CHIAUTLA
698,15,Estado de Mexico,Mex.,29,CHICOLOAPAN
699,15,Estado de Mexico,Mex.,30,CHICONCUAC
700,15,Estado de Mexico,Mex.,31,CHIMALHUACAN
701,15,Estado de Mexico,Mex.,32,DONATO GUERRA
702,15,Estado de Mexico,Mex.,33,ECATEPEC DE MORELOS
703,15,Estado de Mexico,Mex.,34,ECATZINGO
704,15,Estado de Mexico,Mex.,35,HUEHUETOCA
705,15,Estado de Mexico,Mex.,36,HUEYPOXTLA
706,15,Estado de Mexico,Mex.,37,HUIXQUILUCAN
707,15,Estado de Mexico,Mex.,38,ISIDRO FABELA
708,15,Estado de Mexico,Mex.,39,IXTAPALUCA
709,15,Estado de Mexico,Mex.,40,IXTAPAN DE LA SAL
710,15,Estado de Mexico,Mex.,41,IXTAPAN DEL ORO
711,15,Estado de Mexico,Mex.,42,IXTLAHUACA
712,15,Estado de Mexico,Mex.,43,XALATLACO
713,15,Estado de Mexico,Mex.,44,JALTENCO
714,15,Estado de Mexico,Mex.,45,JILOTEPEC
715,15,Estado de Mexico,Mex.,46,JILOTZINGO
716,15,Estado de Mexico,Mex.,47,JIQUIPILCO
717,15,Estado de Mexico,Mex.,48,JOCOTITLAN
718,15,Estado de Mexico,Mex.,49,JOQUICINGO
719,15,Estado de Mexico,Mex.,50,JUCHITEPEC
720,15,Estado de Mexico,Mex.,51,LERMA
721,15,Estado de Mexico,Mex.,52,MALINALCO
722,15,Estado de Mexico,Mex.,53,MELCHOR OCAMPO
723,15,Estado de Mexico,Mex.,54,METEPEC
724,15,Estado de Mexico,Mex.,55,MEXICALTZINGO
725,15,Estado de Mexico,Mex.,56,MORELOS
726,15,Estado de Mexico,Mex.,57,NAUCALPAN DE JUAREZ
727,15,Estado de Mexico,Mex.,58,NEZAHUALCOYOTL
728,15,Estado de Mexico,Mex.,59,NEXTLALPAN
729,15,Estado de Mexico,Mex.,60,NICOLAS ROMERO
730,15,Estado de Mexico,Mex.,61,NOPALTEPEC
731,15,Estado de Mexico,Mex.,62,OCOYOACAC
732,15,Estado de Mexico,Mex.,63,OCUILAN
733,15,Estado de Mexico,Mex.,64,EL ORO
734,15,Estado de Mexico,Mex.,65,OTUMBA
735,15,Estado de Mexico,Mex.,66,OTZOLOAPAN
736,15,Estado de Mexico,Mex.,67,OTZOLOTEPEC
737,15,Estado de Mexico,Mex.,68,OZUMBA
738,15,Estado de Mexico,Mex.,69,PAPALOTLA
739,15,Estado de Mexico,Mex.,70,LA PAZ
740,15,Estado de Mexico,Mex.,71,POLOTITLAN
741,15,Estado de Mexico,Mex.,72,RAYON
742,15,Estado de Mexico,Mex.,73,SAN ANTONIO LA ISLA
743,15,Estado de Mexico,Mex.,74,SAN FELIPE DEL PROGRESO
744,15,Estado de Mexico,Mex.,75,SAN MARTIN DE LAS PIRAMIDES
745,15,Estado de Mexico,Mex.,76,SAN MATEO ATENCO
746,15,Estado de Mexico,Mex.,77,SAN SIMON DE GUERRERO
747,15,Estado de Mexico,Mex.,78,SANTO TOMAS
748,15,Estado de Mexico,Mex.,79,SOYANIQUILPAN DE JUAREZ
749,15,Estado de Mexico,Mex.,80,SULTEPEC
750,15,Estado de Mexico,Mex.,81,TECAMAC
751,15,Estado de Mexico,Mex.,82,TEJUPILCO
752,15,Estado de Mexico,Mex.,83,TEMAMATLA
753,15,Estado de Mexico,Mex.,84,TEMASCALAPA
754,15,Estado de Mexico,Mex.,85,TEMASCALCINGO
755,15,Estado de Mexico,Mex.,86,TEMASCALTEPEC
756,15,Estado de Mexico,Mex.,87,TEMOAYA
757,15,Estado de Mexico,Mex.,88,TENANCINGO
758,15,Estado de Mexico,Mex.,89,TENANGO DEL AIRE
759,15,Estado de Mexico,Mex.,90,TENANGO DEL VALLE
760,15,Estado de Mexico,Mex.,91,TEOLOYUCAN
761,15,Estado de Mexico,Mex.,92,TEOTIHUACAN
762,15,Estado de Mexico,Mex.,93,TEPETLAOXTOC
763,15,Estado de Mexico,Mex.,94,TEPETLIXPA
764,15,Estado de Mexico,Mex.,95,TEPOTZOTLAN
765,15,Estado de Mexico,Mex.,96,TEQUIXQUIAC
766,15,Estado de Mexico,Mex.,97,TEXCALTITLAN
767,15,Estado de Mexico,Mex.,98,TEXCALYACAC
768,15,Estado de Mexico,Mex.,99,TEXCOCO
769,15,Estado de Mexico,Mex.,100,TEZOYUCA
770,15,Estado de Mexico,Mex.,101,TIANGUISTENCO
771,15,Estado de Mexico,Mex.,102,TIMILPAN
772,15,Estado de Mexico,Mex.,103,TLALMANALCO
773,15,Estado de Mexico,Mex.,104,TLALNEPANTLA DE BAZ
774,15,Estado de Mexico,Mex.,105,TLATLAYA
775,15,Estado de Mexico,Mex.,106,TOLUCA
776,15,Estado de Mexico,Mex.,107,TONATICO
777,15,Estado de Mexico,Mex.,108,TULTEPEC
778,15,Estado de Mexico,Mex.,109,TULTITLAN
779,15,Estado de Mexico,Mex.,110,VALLE DE BRAVO
780,15,Estado de Mexico,Mex.,111,VILLA DE ALLENDE
781,15,Estado de Mexico,Mex.,112,VILLA DEL CARBON
782,15,Estado de Mexico,Mex.,113,VILLA GUERRERO
783,15,Estado de Mexico,Mex.,114,VILLA VICTORIA
784,15,Estado de Mexico,Mex.,115,XONACATLAN
785,15,Estado de Mexico,Mex.,116,ZACAZONAPAN
786,15,Estado de Mexico,Mex.,117,ZACUALPAN
787,15,Estado de Mexico,Mex.,118,ZINACANTEPEC
788,15,Estado de Mexico,Mex.,119,ZUMPAHUACAN
789,15,Estado de Mexico,Mex.,120,ZUMPANGO
790,15,Estado de Mexico,Mex.,121,CUAUTITLAN IZCALLI
791,15,Estado de Mexico,Mex.,122,VALLE DE CHALCO SOLIDARIDAD
792,15,Estado de Mexico,Mex.,123,LUVIANOS
793,15,Estado de Mexico,Mex.,124,SAN JOSE DEL RINCON
794,15,Estado de Mexico,Mex.,125,TONANITLA
795,16,Michoacan,Mich.,1,ACUITZIO
796,16,Michoacan,Mich.,2,AGUILILLA
797,16,Michoacan,Mich.,3,ALVARO OBREGON
798,16,Michoacan,Mich.,4,ANGAMACUTIRO
799,16,Michoacan,Mich.,5,ANGANGUEO
800,16,Michoacan,Mich.,6,APATZINGAN
801,16,Michoacan,Mich.,7,APORO
802,16,Michoacan,Mich.,8,AQUILA
803,16,Michoacan,Mich.,9,ARIO
804,16,Michoacan,Mich.,10,ARTEAGA
805,16,Michoacan,Mich.,11,BRISEÑAS
806,16,Michoacan,Mich.,12,BUENAVISTA
807,16,Michoacan,Mich.,13,CARACUARO
808,16,Michoacan,Mich.,14,COAHUAYANA
809,16,Michoacan,Mich.,15,COALCOMAN DE VAZQUEZ PALLARES
810,16,Michoacan,Mich.,16,COENEO
811,16,Michoacan,Mich.,17,CONTEPEC
812,16,Michoacan,Mich.,18,COPANDARO
813,16,Michoacan,Mich.,19,COTIJA
814,16,Michoacan,Mich.,20,CUITZEO
815,16,Michoacan,Mich.,21,CHARAPAN
816,16,Michoacan,Mich.,22,CHARO
817,16,Michoacan,Mich.,23,CHAVINDA
818,16,Michoacan,Mich.,24,CHERAN
819,16,Michoacan,Mich.,25,CHILCHOTA
820,16,Michoacan,Mich.,26,CHINICUILA
821,16,Michoacan,Mich.,27,CHUCANDIRO
822,16,Michoacan,Mich.,28,CHURINTZIO
823,16,Michoacan,Mich.,29,CHURUMUCO
824,16,Michoacan,Mich.,30,ECUANDUREO
825,16,Michoacan,Mich.,31,EPITACIO HUERTA
826,16,Michoacan,Mich.,32,ERONGARICUARO
827,16,Michoacan,Mich.,33,GABRIEL ZAMORA
828,16,Michoacan,Mich.,34,HIDALGO
829,16,Michoacan,Mich.,35,LA HUACANA
830,16,Michoacan,Mich.,36,HUANDACAREO
831,16,Michoacan,Mich.,37,HUANIQUEO
832,16,Michoacan,Mich.,38,HUETAMO
833,16,Michoacan,Mich.,39,HUIRAMBA
834,16,Michoacan,Mich.,40,INDAPARAPEO
835,16,Michoacan,Mich.,41,IRIMBO
836,16,Michoacan,Mich.,42,IXTLAN
837,16,Michoacan,Mich.,43,JACONA
838,16,Michoacan,Mich.,44,JIMENEZ
839,16,Michoacan,Mich.,45,JIQUILPAN
840,16,Michoacan,Mich.,46,JUAREZ
841,16,Michoacan,Mich.,47,JUNGAPEO
842,16,Michoacan,Mich.,48,LAGUNILLAS
843,16,Michoacan,Mich.,49,MADERO
844,16,Michoacan,Mich.,50,MARAVATIO
845,16,Michoacan,Mich.,51,MARCOS CASTELLANOS
846,16,Michoacan,Mich.,52,LAZARO CARDENAS
847,16,Michoacan,Mich.,53,MORELIA
848,16,Michoacan,Mich.,54,MORELOS
849,16,Michoacan,Mich.,55,MUGICA
850,16,Michoacan,Mich.,56,NAHUATZEN
851,16,Michoacan,Mich.,57,NOCUPETARO
852,16,Michoacan,Mich.,58,NUEVO PARANGARICUTIRO
853,16,Michoacan,Mich.,59,NUEVO URECHO
854,16,Michoacan,Mich.,60,NUMARAN
855,16,Michoacan,Mich.,61,OCAMPO
856,16,Michoacan,Mich.,62,PAJACUARAN
857,16,Michoacan,Mich.,63,PANINDICUARO
858,16,Michoacan,Mich.,64,PARACUARO
859,16,Michoacan,Mich.,65,PARACHO
860,16,Michoacan,Mich.,66,PATZCUARO
861,16,Michoacan,Mich.,67,PENJAMILLO
862,16,Michoacan,Mich.,68,PERIBAN
863,16,Michoacan,Mich.,69,LA PIEDAD
864,16,Michoacan,Mich.,70,PUREPERO
865,16,Michoacan,Mich.,71,PURUANDIRO
866,16,Michoacan,Mich.,72,QUERENDARO
867,16,Michoacan,Mich.,73,QUIROGA
868,16,Michoacan,Mich.,74,COJUMATLAN DE REGULES
869,16,Michoacan,Mich.,75,LOS REYES
870,16,Michoacan,Mich.,76,SAHUAYO
871,16,Michoacan,Mich.,77,SAN LUCAS
872,16,Michoacan,Mich.,78,SANTA ANA MAYA
873,16,Michoacan,Mich.,79,SALVADOR ESCALANTE
874,16,Michoacan,Mich.,80,SENGUIO
875,16,Michoacan,Mich.,81,SUSUPUATO
876,16,Michoacan,Mich.,82,TACAMBARO
877,16,Michoacan,Mich.,83,TANCITARO
878,16,Michoacan,Mich.,84,TANGAMANDAPIO
879,16,Michoacan,Mich.,85,TANGANCICUARO
880,16,Michoacan,Mich.,86,TANHUATO
881,16,Michoacan,Mich.,87,TARETAN
882,16,Michoacan,Mich.,88,TARIMBARO
883,16,Michoacan,Mich.,89,TEPALCATEPEC
884,16,Michoacan,Mich.,90,TINGAMBATO
885,16,Michoacan,Mich.,91,TINGÜINDIN
886,16,Michoacan,Mich.,92,TIQUICHEO DE NICOLAS ROMERO
887,16,Michoacan,Mich.,93,TLALPUJAHUA
888,16,Michoacan,Mich.,94,TLAZAZALCA
889,16,Michoacan,Mich.,95,TOCUMBO
890,16,Michoacan,Mich.,96,TUMBISCATIO
891,16,Michoacan,Mich.,97,TURICATO
892,16,Michoacan,Mich.,98,TUXPAN
893,16,Michoacan,Mich.,99,TUZANTLA
894,16,Michoacan,Mich.,100,TZINTZUNTZAN
895,16,Michoacan,Mich.,101,TZITZIO
896,16,Michoacan,Mich.,102,URUAPAN
897,16,Michoacan,Mich.,103,VENUSTIANO CARRANZA
898,16,Michoacan,Mich.,104,VILLAMAR
899,16,Michoacan,Mich.,105,VISTA HERMOSA
900,16,Michoacan,Mich.,106,YURECUARO
901,16,Michoacan,Mich.,107,ZACAPU
902,16,Michoacan,Mich.,108,ZAMORA
903,16,Michoacan,Mich.,109,ZINAPARO
904,16,Michoacan,Mich.,110,ZINAPECUARO
905,16,Michoacan,Mich.,111,ZIRACUARETIRO
906,16,Michoacan,Mich.,112,ZITACUARO
907,16,Michoacan,Mich.,113,JOSE SIXTO VERDUZCO
908,17,Morelos,Mor.,1,AMACUZAC
909,17,Morelos,Mor.,2,ATLATLAHUCAN
910,17,Morelos,Mor.,3,AXOCHIAPAN
911,17,Morelos,Mor.,4,AYALA
912,17,Morelos,Mor.,5,COATLAN DEL RIO
913,17,Morelos,Mor.,6,CUAUTLA
914,17,Morelos,Mor.,7,CUERNAVACA
915,17,Morelos,Mor.,8,EMILIANO ZAPATA
916,17,Morelos,Mor.,9,HUITZILAC
917,17,Morelos,Mor.,10,JANTETELCO
918,17,Morelos,Mor.,11,JIUTEPEC
919,17,Morelos,Mor.,12,JOJUTLA
920,17,Morelos,Mor.,13,JONACATEPEC DE LEANDRO VALLE
921,17,Morelos,Mor.,14,MAZATEPEC
922,17,Morelos,Mor.,15,MIACATLAN
923,17,Morelos,Mor.,16,OCUITUCO
924,17,Morelos,Mor.,17,PUENTE DE IXTLA
925,17,Morelos,Mor.,18,TEMIXCO
926,17,Morelos,Mor.,19,TEPALCINGO
927,17,Morelos,Mor.,20,TEPOZTLAN
928,17,Morelos,Mor.,21,TETECALA
929,17,Morelos,Mor.,22,TETELA DEL VOLCAN
930,17,Morelos,Mor.,23,TLALNEPANTLA
931,17,Morelos,Mor.,24,TLALTIZAPAN DE ZAPATA
932,17,Morelos,Mor.,25,TLAQUILTENANGO
933,17,Morelos,Mor.,26,TLAYACAPAN
934,17,Morelos,Mor.,27,TOTOLAPAN
935,17,Morelos,Mor.,28,XOCHITEPEC
936,17,Morelos,Mor.,29,YAUTEPEC
937,17,Morelos,Mor.,30,YECAPIXTLA
938,17,Morelos,Mor.,31,ZACATEPEC
939,17,Morelos,Mor.,32,ZACUALPAN DE AMILPAS
940,17,Morelos,Mor.,33,TEMOAC
941,17,Morelos,Mor.,34,COATETELCO
942,17,Morelos,Mor.,35,XOXOCOTLA
943,17,Morelos,Mor.,36,HUEYAPAN
944,18,Nayarit,Nay.,1,ACAPONETA
945,18,Nayarit,Nay.,2,AHUACATLAN
946,18,Nayarit,Nay.,3,AMATLAN DE CAÑAS
947,18,Nayarit,Nay.,4,COMPOSTELA
948,18,Nayarit,Nay.,5,HUAJICORI
949,18,Nayarit,Nay.,6,IXTLAN DEL RIO
950,18,Nayarit,Nay.,7,JALA
951,18,Nayarit,Nay.,8,XALISCO
952,18,Nayarit,Nay.,9,DEL NAYAR
953,18,Nayarit,Nay.,10,ROSAMORADA
954,18,Nayarit,Nay.,11,RUIZ
955,18,Nayarit,Nay.,12,SAN BLAS
956,18,Nayarit,Nay.,13,SAN PEDRO LAGUNILLAS
957,18,Nayarit,Nay.,14,SANTA MARIA DEL ORO
958,18,Nayarit,Nay.,15,SANTIAGO IXCUINTLA
959,18,Nayarit,Nay.,16,TECUALA
960,18,Nayarit,Nay.,17,TEPIC
961,18,Nayarit,Nay.,18,TUXPAN
962,18,Nayarit,Nay.,19,LA YESCA
963,18,Nayarit,Nay.,20,BAHIA DE BANDERAS
964,19,Nuevo Leon,NL,1,ABASOLO
965,19,Nuevo Leon,NL,2,AGUALEGUAS
966,19,Nuevo Leon,NL,3,LOS ALDAMAS
967,19,Nuevo Leon,NL,4,ALLENDE
968,19,Nuevo Leon,NL,5,ANAHUAC
969,19,Nuevo Leon,NL,6,APODACA
970,19,Nuevo Leon,NL,7,ARAMBERRI
971,19,Nuevo Leon,NL,8,BUSTAMANTE
972,19,Nuevo Leon,NL,9,CADEREYTA JIMENEZ
973,19,Nuevo Leon,NL,10,EL CARMEN
974,19,Nuevo Leon,NL,11,CERRALVO
975,19,Nuevo Leon,NL,12,CIENEGA DE FLORES
976,19,Nuevo Leon,NL,13,CHINA
977,19,Nuevo Leon,NL,14,DOCTOR ARROYO
978,19,Nuevo Leon,NL,15,DOCTOR COSS
979,19,Nuevo Leon,NL,16,DOCTOR GONZALEZ
980,19,Nuevo Leon,NL,17,GALEANA
981,19,Nuevo Leon,NL,18,GARCIA
982,19,Nuevo Leon,NL,19,SAN PEDRO GARZA GARCIA
983,19,Nuevo Leon,NL,20,GENERAL BRAVO
984,19,Nuevo Leon,NL,21,GENERAL ESCOBEDO
985,19,Nuevo Leon,NL,22,GENERAL TERAN
986,19,Nuevo Leon,NL,23,GENERAL TREVIÑO
987,19,Nuevo Leon,NL,24,GENERAL ZARAGOZA
988,19,Nuevo Leon,NL,25,GENERAL ZUAZUA
989,19,Nuevo Leon,NL,26,GUADALUPE
990,19,Nuevo Leon,NL,27,LOS HERRERAS
991,19,Nuevo Leon,NL,28,HIGUERAS
992,19,Nuevo Leon,NL,29,HUALAHUISES
993,19,Nuevo Leon,NL,30,ITURBIDE
994,19,Nuevo Leon,NL,31,JUAREZ
995,19,Nuevo Leon,NL,32,LAMPAZOS DE NARANJO
996,19,Nuevo Leon,NL,33,LINARES
997,19,Nuevo Leon,NL,34,MARIN
998,19,Nuevo Leon,NL,35,MELCHOR OCAMPO
999,19,Nuevo Leon,NL,36,MIER Y NORIEGA
1000,19,Nuevo Leon,NL,37,MINA
1001,19,Nuevo Leon,NL,38,MONTEMORELOS
1002,19,Nuevo Leon,NL,39,MONTERREY
1003,19,Nuevo Leon,NL,40,PARAS
1004,19,Nuevo Leon,NL,41,PESQUERIA
1005,19,Nuevo Leon,NL,42,LOS RAMONES
1006,19,Nuevo Leon,NL,43,RAYONES
1007,19,Nuevo Leon,NL,44,SABINAS HIDALGO
1008,19,Nuevo Leon,NL,45,SALINAS VICTORIA
1009,19,Nuevo Leon,NL,46,SAN NICOLAS DE LOS GARZA
1010,19,Nuevo Leon,NL,47,HIDALGO
1011,19,Nuevo Leon,NL,48,SANTA CATARINA
1012,19,Nuevo Leon,NL,49,SANTIAGO
1013,19,Nuevo Leon,NL,50,VALLECILLO
1014,19,Nuevo Leon,NL,51,VILLALDAMA
1015,20,Oaxaca,Oax.,1,ABEJONES
1016,20,Oaxaca,Oax.,2,ACATLAN DE PEREZ FIGUEROA
1017,20,Oaxaca,Oax.,3,ASUNCION CACALOTEPEC
1018,20,Oaxaca,Oax.,4,ASUNCION CUYOTEPEJI
1019,20,Oaxaca,Oax.,5,ASUNCION IXTALTEPEC
1020,20,Oaxaca,Oax.,6,ASUNCION NOCHIXTLAN
1021,20,Oaxaca,Oax.,7,ASUNCION OCOTLAN
1022,20,Oaxaca,Oax.,8,ASUNCION TLACOLULITA
1023,20,Oaxaca,Oax.,9,AYOTZINTEPEC
1024,20,Oaxaca,Oax.,10,EL BARRIO DE LA SOLEDAD
1025,20,Oaxaca,Oax.,11,CALIHUALA
1026,20,Oaxaca,Oax.,12,CANDELARIA LOXICHA
1027,20,Oaxaca,Oax.,13,CIENEGA DE ZIMATLAN
1028,20,Oaxaca,Oax.,14,CIUDAD IXTEPEC
1029,20,Oaxaca,Oax.,15,COATECAS ALTAS
1030,20,Oaxaca,Oax.,16,COICOYAN DE LAS FLORES
1031,20,Oaxaca,Oax.,17,LA COMPAÑIA
1032,20,Oaxaca,Oax.,18,CONCEPCION BUENAVISTA
1033,20,Oaxaca,Oax.,19,CONCEPCION PAPALO
1034,20,Oaxaca,Oax.,20,CONSTANCIA DEL ROSARIO
1035,20,Oaxaca,Oax.,21,COSOLAPA
1036,20,Oaxaca,Oax.,22,COSOLTEPEC
1037,20,Oaxaca,Oax.,23,CUILAPAM DE GUERRERO
1038,20,Oaxaca,Oax.,24,CUYAMECALCO VILLA DE ZARAGOZA
1039,20,Oaxaca,Oax.,25,CHAHUITES
1040,20,Oaxaca,Oax.,26,CHALCATONGO DE HIDALGO
1041,20,Oaxaca,Oax.,27,CHIQUIHUITLAN DE BENITO JUAREZ
1042,20,Oaxaca,Oax.,28,HEROICA CIUDAD DE EJUTLA DE CRESPO
1043,20,Oaxaca,Oax.,29,ELOXOCHITLAN DE FLORES MAGON
1044,20,Oaxaca,Oax.,30,EL ESPINAL
1045,20,Oaxaca,Oax.,31,TAMAZULAPAM DEL ESPIRITU SANTO
1046,20,Oaxaca,Oax.,32,FRESNILLO DE TRUJANO
1047,20,Oaxaca,Oax.,33,GUADALUPE ETLA
1048,20,Oaxaca,Oax.,34,GUADALUPE DE RAMIREZ
1049,20,Oaxaca,Oax.,35,GUELATAO DE JUAREZ
1050,20,Oaxaca,Oax.,36,GUEVEA DE HUMBOLDT
1051,20,Oaxaca,Oax.,37,MESONES HIDALGO
1052,20,Oaxaca,Oax.,38,VILLA HIDALGO
1053,20,Oaxaca,Oax.,39,HEROICA CIUDAD DE HUAJUAPAN DE LEON
1054,20,Oaxaca,Oax.,40,HUAUTEPEC
1055,20,Oaxaca,Oax.,41,HUAUTLA DE JIMENEZ
1056,20,Oaxaca,Oax.,42,IXTLAN DE JUAREZ
1057,20,Oaxaca,Oax.,43,JUCHITAN DE ZARAGOZA
1058,20,Oaxaca,Oax.,44,LOMA BONITA
1059,20,Oaxaca,Oax.,45,MAGDALENA APASCO
1060,20,Oaxaca,Oax.,46,MAGDALENA JALTEPEC
1061,20,Oaxaca,Oax.,47,SANTA MAGDALENA JICOTLAN
1062,20,Oaxaca,Oax.,48,MAGDALENA MIXTEPEC
1063,20,Oaxaca,Oax.,49,MAGDALENA OCOTLAN
1064,20,Oaxaca,Oax.,50,MAGDALENA PEÑASCO
1065,20,Oaxaca,Oax.,51,MAGDALENA TEITIPAC
1066,20,Oaxaca,Oax.,52,MAGDALENA TEQUISISTLAN
1067,20,Oaxaca,Oax.,53,MAGDALENA TLACOTEPEC
1068,20,Oaxaca,Oax.,54,MAGDALENA ZAHUATLAN
1069,20,Oaxaca,Oax.,55,MARISCALA DE JUAREZ
1070,20,Oaxaca,Oax.,56,MARTIRES DE TACUBAYA
1071,20,Oaxaca,Oax.,57,MATIAS ROMERO AVENDAÑO
1072,20,Oaxaca,Oax.,58,MAZATLAN VILLA DE FLORES
1073,20,Oaxaca,Oax.,59,MIAHUATLAN DE PORFIRIO DIAZ
1074,20,Oaxaca,Oax.,60,MIXISTLAN DE LA REFORMA
1075,20,Oaxaca,Oax.,61,MONJAS
1076,20,Oaxaca,Oax.,62,NATIVIDAD
1077,20,Oaxaca,Oax.,63,NAZARENO ETLA
1078,20,Oaxaca,Oax.,64,NEJAPA DE MADERO
1079,20,Oaxaca,Oax.,65,IXPANTEPEC NIEVES
1080,20,Oaxaca,Oax.,66,SANTIAGO NILTEPEC
1081,20,Oaxaca,Oax.,67,OAXACA DE JUAREZ
1082,20,Oaxaca,Oax.,68,OCOTLAN DE MORELOS
1083,20,Oaxaca,Oax.,69,LA PE
1084,20,Oaxaca,Oax.,70,PINOTEPA DE DON LUIS
1085,20,Oaxaca,Oax.,71,PLUMA HIDALGO
1086,20,Oaxaca,Oax.,72,SAN JOSE DEL PROGRESO
1087,20,Oaxaca,Oax.,73,PUTLA VILLA DE GUERRERO
1088,20,Oaxaca,Oax.,74,SANTA CATARINA QUIOQUITANI
1089,20,Oaxaca,Oax.,75,REFORMA DE PINEDA
1090,20,Oaxaca,Oax.,76,LA REFORMA
1091,20,Oaxaca,Oax.,77,REYES ETLA
1092,20,Oaxaca,Oax.,78,ROJAS DE CUAUHTEMOC
1093,20,Oaxaca,Oax.,79,SALINA CRUZ
1094,20,Oaxaca,Oax.,80,SAN AGUSTIN AMATENGO
1095,20,Oaxaca,Oax.,81,SAN AGUSTIN ATENANGO
1096,20,Oaxaca,Oax.,82,SAN AGUSTIN CHAYUCO
1097,20,Oaxaca,Oax.,83,SAN AGUSTIN DE LAS JUNTAS
1098,20,Oaxaca,Oax.,84,SAN AGUSTIN ETLA
1099,20,Oaxaca,Oax.,85,SAN AGUSTIN LOXICHA
1100,20,Oaxaca,Oax.,86,SAN AGUSTIN TLACOTEPEC
1101,20,Oaxaca,Oax.,87,SAN AGUSTIN YATARENI
1102,20,Oaxaca,Oax.,88,SAN ANDRES CABECERA NUEVA
1103,20,Oaxaca,Oax.,89,SAN ANDRES DINICUITI
1104,20,Oaxaca,Oax.,90,SAN ANDRES HUAXPALTEPEC
1105,20,Oaxaca,Oax.,91,SAN ANDRES HUAYAPAM
1106,20,Oaxaca,Oax.,92,SAN ANDRES IXTLAHUACA
1107,20,Oaxaca,Oax.,93,SAN ANDRES LAGUNAS
1108,20,Oaxaca,Oax.,94,SAN ANDRES NUXIÑO
1109,20,Oaxaca,Oax.,95,SAN ANDRES PAXTLAN
1110,20,Oaxaca,Oax.,96,SAN ANDRES SINAXTLA
1111,20,Oaxaca,Oax.,97,SAN ANDRES SOLAGA
1112,20,Oaxaca,Oax.,98,SAN ANDRES TEOTILALPAM
1113,20,Oaxaca,Oax.,99,SAN ANDRES TEPETLAPA
1114,20,Oaxaca,Oax.,100,SAN ANDRES YAA
1115,20,Oaxaca,Oax.,101,SAN ANDRES ZABACHE
1116,20,Oaxaca,Oax.,102,SAN ANDRES ZAUTLA
1117,20,Oaxaca,Oax.,103,SAN ANTONINO CASTILLO VELASCO
1118,20,Oaxaca,Oax.,104,SAN ANTONINO EL ALTO
1119,20,Oaxaca,Oax.,105,SAN ANTONINO MONTE VERDE
1120,20,Oaxaca,Oax.,106,SAN ANTONIO ACUTLA
1121,20,Oaxaca,Oax.,107,SAN ANTONIO DE LA CAL
1122,20,Oaxaca,Oax.,108,SAN ANTONIO HUITEPEC
1123,20,Oaxaca,Oax.,109,SAN ANTONIO NANAHUATIPAM
1124,20,Oaxaca,Oax.,110,SAN ANTONIO SINICAHUA
1125,20,Oaxaca,Oax.,111,SAN ANTONIO TEPETLAPA
1126,20,Oaxaca,Oax.,112,SAN BALTAZAR CHICHICAPAM
1127,20,Oaxaca,Oax.,113,SAN BALTAZAR LOXICHA
1128,20,Oaxaca,Oax.,114,SAN BALTAZAR YATZACHI EL BAJO
1129,20,Oaxaca,Oax.,115,SAN BARTOLO COYOTEPEC
1130,20,Oaxaca,Oax.,116,SAN BARTOLOME AYAUTLA
1131,20,Oaxaca,Oax.,117,SAN BARTOLOME LOXICHA
1132,20,Oaxaca,Oax.,118,SAN BARTOLOME QUIALANA
1133,20,Oaxaca,Oax.,119,SAN BARTOLOME YUCUAÑE
1134,20,Oaxaca,Oax.,120,SAN BARTOLOME ZOOGOCHO
1135,20,Oaxaca,Oax.,121,SAN BARTOLO SOYALTEPEC
1136,20,Oaxaca,Oax.,122,SAN BARTOLO YAUTEPEC
1137,20,Oaxaca,Oax.,123,SAN BERNARDO MIXTEPEC
1138,20,Oaxaca,Oax.,124,SAN BLAS ATEMPA
1139,20,Oaxaca,Oax.,125,SAN CARLOS YAUTEPEC
1140,20,Oaxaca,Oax.,126,SAN CRISTOBAL AMATLAN
1141,20,Oaxaca,Oax.,127,SAN CRISTOBAL AMOLTEPEC
1142,20,Oaxaca,Oax.,128,SAN CRISTOBAL LACHIRIOAG
1143,20,Oaxaca,Oax.,129,SAN CRISTOBAL SUCHIXTLAHUACA
1144,20,Oaxaca,Oax.,130,SAN DIONISIO DEL MAR
1145,20,Oaxaca,Oax.,131,SAN DIONISIO OCOTEPEC
1146,20,Oaxaca,Oax.,132,SAN DIONISIO OCOTLAN
1147,20,Oaxaca,Oax.,133,SAN ESTEBAN ATATLAHUCA
1148,20,Oaxaca,Oax.,134,SAN FELIPE JALAPA DE DIAZ
1149,20,Oaxaca,Oax.,135,SAN FELIPE TEJALAPAM
1150,20,Oaxaca,Oax.,136,SAN FELIPE USILA
1151,20,Oaxaca,Oax.,137,SAN FRANCISCO CAHUACUA
1152,20,Oaxaca,Oax.,138,SAN FRANCISCO CAJONOS
1153,20,Oaxaca,Oax.,139,SAN FRANCISCO CHAPULAPA
1154,20,Oaxaca,Oax.,140,SAN FRANCISCO CHINDUA
1155,20,Oaxaca,Oax.,141,SAN FRANCISCO DEL MAR
1156,20,Oaxaca,Oax.,142,SAN FRANCISCO HUEHUETLAN
1157,20,Oaxaca,Oax.,143,SAN FRANCISCO IXHUATAN
1158,20,Oaxaca,Oax.,144,SAN FRANCISCO JALTEPETONGO
1159,20,Oaxaca,Oax.,145,SAN FRANCISCO LACHIGOLO
1160,20,Oaxaca,Oax.,146,SAN FRANCISCO LOGUECHE
1161,20,Oaxaca,Oax.,147,SAN FRANCISCO NUXAÑO
1162,20,Oaxaca,Oax.,148,SAN FRANCISCO OZOLOTEPEC
1163,20,Oaxaca,Oax.,149,SAN FRANCISCO SOLA
1164,20,Oaxaca,Oax.,150,SAN FRANCISCO TELIXTLAHUACA
1165,20,Oaxaca,Oax.,151,SAN FRANCISCO TEOPAN
1166,20,Oaxaca,Oax.,152,SAN FRANCISCO TLAPANCINGO
1167,20,Oaxaca,Oax.,153,SAN GABRIEL MIXTEPEC
1168,20,Oaxaca,Oax.,154,SAN ILDEFONSO AMATLAN
1169,20,Oaxaca,Oax.,155,SAN ILDEFONSO SOLA
1170,20,Oaxaca,Oax.,156,SAN ILDEFONSO VILLA ALTA
1171,20,Oaxaca,Oax.,157,SAN JACINTO AMILPAS
1172,20,Oaxaca,Oax.,158,SAN JACINTO TLACOTEPEC
1173,20,Oaxaca,Oax.,159,SAN JERONIMO COATLAN
1174,20,Oaxaca,Oax.,160,SAN JERONIMO SILACAYOAPILLA
1175,20,Oaxaca,Oax.,161,SAN JERONIMO SOSOLA
1176,20,Oaxaca,Oax.,162,SAN JERONIMO TAVICHE
1177,20,Oaxaca,Oax.,163,SAN JERONIMO TECOATL
1178,20,Oaxaca,Oax.,164,SAN JORGE NUCHITA
1179,20,Oaxaca,Oax.,165,SAN JOSE AYUQUILA
1180,20,Oaxaca,Oax.,166,SAN JOSE CHILTEPEC
1181,20,Oaxaca,Oax.,167,SAN JOSE DEL PEÑASCO
1182,20,Oaxaca,Oax.,168,SAN JOSE ESTANCIA GRANDE
1183,20,Oaxaca,Oax.,169,SAN JOSE INDEPENDENCIA
1184,20,Oaxaca,Oax.,170,SAN JOSE LACHIGUIRI
1185,20,Oaxaca,Oax.,171,SAN JOSE TENANGO
1186,20,Oaxaca,Oax.,172,SAN JUAN ACHIUTLA
1187,20,Oaxaca,Oax.,173,SAN JUAN ATEPEC
1188,20,Oaxaca,Oax.,174,ANIMAS TRUJANO
1189,20,Oaxaca,Oax.,175,SAN JUAN BAUTISTA ATATLAHUCA
1190,20,Oaxaca,Oax.,176,SAN JUAN BAUTISTA COIXTLAHUACA
1191,20,Oaxaca,Oax.,177,SAN JUAN BAUTISTA CUICATLAN
1192,20,Oaxaca,Oax.,178,SAN JUAN BAUTISTA GUELACHE
1193,20,Oaxaca,Oax.,179,SAN JUAN BAUTISTA JAYACATLAN
1194,20,Oaxaca,Oax.,180,SAN JUAN BAUTISTA LO DE SOTO
1195,20,Oaxaca,Oax.,181,SAN JUAN BAUTISTA SUCHITEPEC
1196,20,Oaxaca,Oax.,182,SAN JUAN BAUTISTA TLACOATZINTEPEC
1197,20,Oaxaca,Oax.,183,SAN JUAN BAUTISTA TLACHICHILCO
1198,20,Oaxaca,Oax.,184,SAN JUAN BAUTISTA TUXTEPEC
1199,20,Oaxaca,Oax.,185,SAN JUAN CACAHUATEPEC
1200,20,Oaxaca,Oax.,186,SAN JUAN CIENEGUILLA
1201,20,Oaxaca,Oax.,187,SAN JUAN COATZOSPAM
1202,20,Oaxaca,Oax.,188,SAN JUAN COLORADO
1203,20,Oaxaca,Oax.,189,SAN JUAN COMALTEPEC
1204,20,Oaxaca,Oax.,190,SAN JUAN COTZOCON
1205,20,Oaxaca,Oax.,191,SAN JUAN CHICOMEZUCHIL
1206,20,Oaxaca,Oax.,192,SAN JUAN CHILATECA
1207,20,Oaxaca,Oax.,193,SAN JUAN DEL ESTADO
1208,20,Oaxaca,Oax.,194,SAN JUAN DEL RIO
1209,20,Oaxaca,Oax.,195,SAN JUAN DIUXI
1210,20,Oaxaca,Oax.,196,SAN JUAN EVANGELISTA ANALCO
1211,20,Oaxaca,Oax.,197,SAN JUAN GUELAVIA
1212,20,Oaxaca,Oax.,198,SAN JUAN GUICHICOVI
1213,20,Oaxaca,Oax.,199,SAN JUAN IHUALTEPEC
1214,20,Oaxaca,Oax.,200,SAN JUAN JUQUILA MIXES
1215,20,Oaxaca,Oax.,201,SAN JUAN JUQUILA VIJANOS
1216,20,Oaxaca,Oax.,202,SAN JUAN LACHAO
1217,20,Oaxaca,Oax.,203,SAN JUAN LACHIGALLA
1218,20,Oaxaca,Oax.,204,SAN JUAN LAJARCIA
1219,20,Oaxaca,Oax.,205,SAN JUAN LALANA
1220,20,Oaxaca,Oax.,206,SAN JUAN DE LOS CUES
1221,20,Oaxaca,Oax.,207,SAN JUAN MAZATLAN
1222,20,Oaxaca,Oax.,208,SAN JUAN MIXTEPEC
1223,20,Oaxaca,Oax.,209,SAN JUAN MIXTEPEC
1224,20,Oaxaca,Oax.,210,SAN JUAN ÑUMI
1225,20,Oaxaca,Oax.,211,SAN JUAN OZOLOTEPEC
1226,20,Oaxaca,Oax.,212,SAN JUAN PETLAPA
1227,20,Oaxaca,Oax.,213,SAN JUAN QUIAHIJE
1228,20,Oaxaca,Oax.,214,SAN JUAN QUIOTEPEC
1229,20,Oaxaca,Oax.,215,SAN JUAN SAYULTEPEC
1230,20,Oaxaca,Oax.,216,SAN JUAN TABAA
1231,20,Oaxaca,Oax.,217,SAN JUAN TAMAZOLA
1232,20,Oaxaca,Oax.,218,SAN JUAN TEITA
1233,20,Oaxaca,Oax.,219,SAN JUAN TEITIPAC
1234,20,Oaxaca,Oax.,220,SAN JUAN TEPEUXILA
1235,20,Oaxaca,Oax.,221,SAN JUAN TEPOSCOLULA
1236,20,Oaxaca,Oax.,222,SAN JUAN YAEE
1237,20,Oaxaca,Oax.,223,SAN JUAN YATZONA
1238,20,Oaxaca,Oax.,224,SAN JUAN YUCUITA
1239,20,Oaxaca,Oax.,225,SAN LORENZO
1240,20,Oaxaca,Oax.,226,SAN LORENZO ALBARRADAS
1241,20,Oaxaca,Oax.,227,SAN LORENZO CACAOTEPEC
1242,20,Oaxaca,Oax.,228,SAN LORENZO CUAUNECUILTITLA
1243,20,Oaxaca,Oax.,229,SAN LORENZO TEXMELUCAN
1244,20,Oaxaca,Oax.,230,SAN LORENZO VICTORIA
1245,20,Oaxaca,Oax.,231,SAN LUCAS CAMOTLAN
1246,20,Oaxaca,Oax.,232,SAN LUCAS OJITLAN
1247,20,Oaxaca,Oax.,233,SAN LUCAS QUIAVINI
1248,20,Oaxaca,Oax.,234,SAN LUCAS ZOQUIAPAM
1249,20,Oaxaca,Oax.,235,SAN LUIS AMATLAN
1250,20,Oaxaca,Oax.,236,SAN MARCIAL OZOLOTEPEC
1251,20,Oaxaca,Oax.,237,SAN MARCOS ARTEAGA
1252,20,Oaxaca,Oax.,238,SAN MARTIN DE LOS CANSECOS
1253,20,Oaxaca,Oax.,239,SAN MARTIN HUAMELULPAM
1254,20,Oaxaca,Oax.,240,SAN MARTIN ITUNYOSO
1255,20,Oaxaca,Oax.,241,SAN MARTIN LACHILA
1256,20,Oaxaca,Oax.,242,SAN MARTIN PERAS
1257,20,Oaxaca,Oax.,243,SAN MARTIN TILCAJETE
1258,20,Oaxaca,Oax.,244,SAN MARTIN TOXPALAN
1259,20,Oaxaca,Oax.,245,SAN MARTIN ZACATEPEC
1260,20,Oaxaca,Oax.,246,SAN MATEO CAJONOS
1261,20,Oaxaca,Oax.,247,CAPULALPAM DE MENDEZ
1262,20,Oaxaca,Oax.,248,SAN MATEO DEL MAR
1263,20,Oaxaca,Oax.,249,SAN MATEO YOLOXOCHITLAN
1264,20,Oaxaca,Oax.,250,SAN MATEO ETLATONGO
1265,20,Oaxaca,Oax.,251,SAN MATEO NEJAPAM
1266,20,Oaxaca,Oax.,252,SAN MATEO PEÑASCO
1267,20,Oaxaca,Oax.,253,SAN MATEO PIÑAS
1268,20,Oaxaca,Oax.,254,SAN MATEO RIO HONDO
1269,20,Oaxaca,Oax.,255,SAN MATEO SINDIHUI
1270,20,Oaxaca,Oax.,256,SAN MATEO TLAPILTEPEC
1271,20,Oaxaca,Oax.,257,SAN MELCHOR BETAZA
1272,20,Oaxaca,Oax.,258,SAN MIGUEL ACHIUTLA
1273,20,Oaxaca,Oax.,259,SAN MIGUEL AHUEHUETITLAN
1274,20,Oaxaca,Oax.,260,SAN MIGUEL ALOAPAM
1275,20,Oaxaca,Oax.,261,SAN MIGUEL AMATITLAN
1276,20,Oaxaca,Oax.,262,SAN MIGUEL AMATLAN
1277,20,Oaxaca,Oax.,263,SAN MIGUEL COATLAN
1278,20,Oaxaca,Oax.,264,SAN MIGUEL CHICAHUA
1279,20,Oaxaca,Oax.,265,SAN MIGUEL CHIMALAPA
1280,20,Oaxaca,Oax.,266,SAN MIGUEL DEL PUERTO
1281,20,Oaxaca,Oax.,267,SAN MIGUEL DEL RIO
1282,20,Oaxaca,Oax.,268,SAN MIGUEL EJUTLA
1283,20,Oaxaca,Oax.,269,SAN MIGUEL EL GRANDE
1284,20,Oaxaca,Oax.,270,SAN MIGUEL HUAUTLA
1285,20,Oaxaca,Oax.,271,SAN MIGUEL MIXTEPEC
1286,20,Oaxaca,Oax.,272,SAN MIGUEL PANIXTLAHUACA
1287,20,Oaxaca,Oax.,273,SAN MIGUEL PERAS
1288,20,Oaxaca,Oax.,274,SAN MIGUEL PIEDRAS
1289,20,Oaxaca,Oax.,275,SAN MIGUEL QUETZALTEPEC
1290,20,Oaxaca,Oax.,276,SAN MIGUEL SANTA FLOR
1291,20,Oaxaca,Oax.,277,VILLA SOLA DE VEGA
1292,20,Oaxaca,Oax.,278,SAN MIGUEL SOYALTEPEC
1293,20,Oaxaca,Oax.,279,SAN MIGUEL SUCHIXTEPEC
1294,20,Oaxaca,Oax.,280,VILLA TALEA DE CASTRO
1295,20,Oaxaca,Oax.,281,SAN MIGUEL TECOMATLAN
1296,20,Oaxaca,Oax.,282,SAN MIGUEL TENANGO
1297,20,Oaxaca,Oax.,283,SAN MIGUEL TEQUIXTEPEC
1298,20,Oaxaca,Oax.,284,SAN MIGUEL TILQUIAPAM
1299,20,Oaxaca,Oax.,285,SAN MIGUEL TLACAMAMA
1300,20,Oaxaca,Oax.,286,SAN MIGUEL TLACOTEPEC
1301,20,Oaxaca,Oax.,287,SAN MIGUEL TULANCINGO
1302,20,Oaxaca,Oax.,288,SAN MIGUEL YOTAO
1303,20,Oaxaca,Oax.,289,SAN NICOLAS
1304,20,Oaxaca,Oax.,290,SAN NICOLAS HIDALGO
1305,20,Oaxaca,Oax.,291,SAN PABLO COATLAN
1306,20,Oaxaca,Oax.,292,SAN PABLO CUATRO VENADOS
1307,20,Oaxaca,Oax.,293,SAN PABLO ETLA
1308,20,Oaxaca,Oax.,294,SAN PABLO HUITZO
1309,20,Oaxaca,Oax.,295,SAN PABLO HUIXTEPEC
1310,20,Oaxaca,Oax.,296,SAN PABLO MACUILTIANGUIS
1311,20,Oaxaca,Oax.,297,SAN PABLO TIJALTEPEC
1312,20,Oaxaca,Oax.,298,SAN PABLO VILLA DE MITLA
1313,20,Oaxaca,Oax.,299,SAN PABLO YAGANIZA
1314,20,Oaxaca,Oax.,300,SAN PEDRO AMUZGOS
1315,20,Oaxaca,Oax.,301,SAN PEDRO APOSTOL
1316,20,Oaxaca,Oax.,302,SAN PEDRO ATOYAC
1317,20,Oaxaca,Oax.,303,SAN PEDRO CAJONOS
1318,20,Oaxaca,Oax.,304,SAN PEDRO COXCALTEPEC CANTAROS
1319,20,Oaxaca,Oax.,305,SAN PEDRO COMITANCILLO
1320,20,Oaxaca,Oax.,306,SAN PEDRO EL ALTO
1321,20,Oaxaca,Oax.,307,SAN PEDRO HUAMELULA
1322,20,Oaxaca,Oax.,308,SAN PEDRO HUILOTEPEC
1323,20,Oaxaca,Oax.,309,SAN PEDRO IXCATLAN
1324,20,Oaxaca,Oax.,310,SAN PEDRO IXTLAHUACA
1325,20,Oaxaca,Oax.,311,SAN PEDRO JALTEPETONGO
1326,20,Oaxaca,Oax.,312,SAN PEDRO JICAYAN
1327,20,Oaxaca,Oax.,313,SAN PEDRO JOCOTIPAC
1328,20,Oaxaca,Oax.,314,SAN PEDRO JUCHATENGO
1329,20,Oaxaca,Oax.,315,SAN PEDRO MARTIR
1330,20,Oaxaca,Oax.,316,SAN PEDRO MARTIR QUIECHAPA
1331,20,Oaxaca,Oax.,317,SAN PEDRO MARTIR YUCUXACO
1332,20,Oaxaca,Oax.,318,SAN PEDRO MIXTEPEC
1333,20,Oaxaca,Oax.,319,SAN PEDRO MIXTEPEC
1334,20,Oaxaca,Oax.,320,SAN PEDRO MOLINOS
1335,20,Oaxaca,Oax.,321,SAN PEDRO NOPALA
1336,20,Oaxaca,Oax.,322,SAN PEDRO OCOPETATILLO
1337,20,Oaxaca,Oax.,323,SAN PEDRO OCOTEPEC
1338,20,Oaxaca,Oax.,324,SAN PEDRO POCHUTLA
1339,20,Oaxaca,Oax.,325,SAN PEDRO QUIATONI
1340,20,Oaxaca,Oax.,326,SAN PEDRO SOCHIAPAM
1341,20,Oaxaca,Oax.,327,SAN PEDRO TAPANATEPEC
1342,20,Oaxaca,Oax.,328,SAN PEDRO TAVICHE
1343,20,Oaxaca,Oax.,329,SAN PEDRO TEOZACOALCO
1344,20,Oaxaca,Oax.,330,SAN PEDRO TEUTILA
1345,20,Oaxaca,Oax.,331,SAN PEDRO TIDAA
1346,20,Oaxaca,Oax.,332,SAN PEDRO TOPILTEPEC
1347,20,Oaxaca,Oax.,333,SAN PEDRO TOTOLAPAM
1348,20,Oaxaca,Oax.,334,VILLA DE TUTUTEPEC
1349,20,Oaxaca,Oax.,335,SAN PEDRO YANERI
1350,20,Oaxaca,Oax.,336,SAN PEDRO YOLOX
1351,20,Oaxaca,Oax.,337,SAN PEDRO Y SAN PABLO AYUTLA
1352,20,Oaxaca,Oax.,338,VILLA DE ETLA
1353,20,Oaxaca,Oax.,339,SAN PEDRO Y SAN PABLO TEPOSCOLULA
1354,20,Oaxaca,Oax.,340,SAN PEDRO Y SAN PABLO TEQUIXTEPEC
1355,20,Oaxaca,Oax.,341,SAN PEDRO YUCUNAMA
1356,20,Oaxaca,Oax.,342,SAN RAYMUNDO JALPAN
1357,20,Oaxaca,Oax.,343,SAN SEBASTIAN ABASOLO
1358,20,Oaxaca,Oax.,344,SAN SEBASTIAN COATLAN
1359,20,Oaxaca,Oax.,345,SAN SEBASTIAN IXCAPA
1360,20,Oaxaca,Oax.,346,SAN SEBASTIAN NICANANDUTA
1361,20,Oaxaca,Oax.,347,SAN SEBASTIAN RIO HONDO
1362,20,Oaxaca,Oax.,348,SAN SEBASTIAN TECOMAXTLAHUACA
1363,20,Oaxaca,Oax.,349,SAN SEBASTIAN TEITIPAC
1364,20,Oaxaca,Oax.,350,SAN SEBASTIAN TUTLA
1365,20,Oaxaca,Oax.,351,SAN SIMON ALMOLONGAS
1366,20,Oaxaca,Oax.,352,SAN SIMON ZAHUATLAN
1367,20,Oaxaca,Oax.,353,SANTA ANA
1368,20,Oaxaca,Oax.,354,SANTA ANA ATEIXTLAHUACA
1369,20,Oaxaca,Oax.,355,SANTA ANA CUAUHTEMOC
1370,20,Oaxaca,Oax.,356,SANTA ANA DEL VALLE
1371,20,Oaxaca,Oax.,357,SANTA ANA TAVELA
1372,20,Oaxaca,Oax.,358,SANTA ANA TLAPACOYAN
1373,20,Oaxaca,Oax.,359,SANTA ANA YARENI
1374,20,Oaxaca,Oax.,360,SANTA ANA ZEGACHE
1375,20,Oaxaca,Oax.,361,SANTA CATALINA QUIERI
1376,20,Oaxaca,Oax.,362,SANTA CATARINA CUIXTLA
1377,20,Oaxaca,Oax.,363,SANTA CATARINA IXTEPEJI
1378,20,Oaxaca,Oax.,364,SANTA CATARINA JUQUILA
1379,20,Oaxaca,Oax.,365,SANTA CATARINA LACHATAO
1380,20,Oaxaca,Oax.,366,SANTA CATARINA LOXICHA
1381,20,Oaxaca,Oax.,367,SANTA CATARINA MECHOACAN
1382,20,Oaxaca,Oax.,368,SANTA CATARINA MINAS
1383,20,Oaxaca,Oax.,369,SANTA CATARINA QUIANE
1384,20,Oaxaca,Oax.,370,SANTA CATARINA TAYATA
1385,20,Oaxaca,Oax.,371,SANTA CATARINA TICUA
1386,20,Oaxaca,Oax.,372,SANTA CATARINA YOSONOTU
1387,20,Oaxaca,Oax.,373,SANTA CATARINA ZAPOQUILA
1388,20,Oaxaca,Oax.,374,SANTA CRUZ ACATEPEC
1389,20,Oaxaca,Oax.,375,SANTA CRUZ AMILPAS
1390,20,Oaxaca,Oax.,376,SANTA CRUZ DE BRAVO
1391,20,Oaxaca,Oax.,377,SANTA CRUZ ITUNDUJIA
1392,20,Oaxaca,Oax.,378,SANTA CRUZ MIXTEPEC
1393,20,Oaxaca,Oax.,379,SANTA CRUZ NUNDACO
1394,20,Oaxaca,Oax.,380,SANTA CRUZ PAPALUTLA
1395,20,Oaxaca,Oax.,381,SANTA CRUZ TACACHE DE MINA
1396,20,Oaxaca,Oax.,382,SANTA CRUZ TACAHUA
1397,20,Oaxaca,Oax.,383,SANTA CRUZ TAYATA
1398,20,Oaxaca,Oax.,384,SANTA CRUZ XITLA
1399,20,Oaxaca,Oax.,385,SANTA CRUZ XOXOCOTLAN
1400,20,Oaxaca,Oax.,386,SANTA CRUZ ZENZONTEPEC
1401,20,Oaxaca,Oax.,387,SANTA GERTRUDIS
1402,20,Oaxaca,Oax.,388,SANTA INES DEL MONTE
1403,20,Oaxaca,Oax.,389,SANTA INES YATZECHE
1404,20,Oaxaca,Oax.,390,SANTA LUCIA DEL CAMINO
1405,20,Oaxaca,Oax.,391,SANTA LUCIA MIAHUATLAN
1406,20,Oaxaca,Oax.,392,SANTA LUCIA MONTEVERDE
1407,20,Oaxaca,Oax.,393,SANTA LUCIA OCOTLAN
1408,20,Oaxaca,Oax.,394,SANTA MARIA ALOTEPEC
1409,20,Oaxaca,Oax.,395,SANTA MARIA APAZCO
1410,20,Oaxaca,Oax.,396,SANTA MARIA LA ASUNCION
1411,20,Oaxaca,Oax.,397,HEROICA CIUDAD DE TLAXIACO
1412,20,Oaxaca,Oax.,398,AYOQUEZCO DE ALDAMA
1413,20,Oaxaca,Oax.,399,SANTA MARIA ATZOMPA
1414,20,Oaxaca,Oax.,400,SANTA MARIA CAMOTLAN
1415,20,Oaxaca,Oax.,401,SANTA MARIA COLOTEPEC
1416,20,Oaxaca,Oax.,402,SANTA MARIA CORTIJO
1417,20,Oaxaca,Oax.,403,SANTA MARIA COYOTEPEC
1418,20,Oaxaca,Oax.,404,SANTA MARIA CHACHOAPAM
1419,20,Oaxaca,Oax.,405,VILLA DE CHILAPA DE DIAZ
1420,20,Oaxaca,Oax.,406,SANTA MARIA CHILCHOTLA
1421,20,Oaxaca,Oax.,407,SANTA MARIA CHIMALAPA
1422,20,Oaxaca,Oax.,408,SANTA MARIA DEL ROSARIO
1423,20,Oaxaca,Oax.,409,SANTA MARIA DEL TULE
1424,20,Oaxaca,Oax.,410,SANTA MARIA ECATEPEC
1425,20,Oaxaca,Oax.,411,SANTA MARIA GUELACE
1426,20,Oaxaca,Oax.,412,SANTA MARIA GUIENAGATI
1427,20,Oaxaca,Oax.,413,SANTA MARIA HUATULCO
1428,20,Oaxaca,Oax.,414,SANTA MARIA HUAZOLOTITLAN
1429,20,Oaxaca,Oax.,415,SANTA MARIA IPALAPA
1430,20,Oaxaca,Oax.,416,SANTA MARIA IXCATLAN
1431,20,Oaxaca,Oax.,417,SANTA MARIA JACATEPEC
1432,20,Oaxaca,Oax.,418,SANTA MARIA JALAPA DEL MARQUES
1433,20,Oaxaca,Oax.,419,SANTA MARIA JALTIANGUIS
1434,20,Oaxaca,Oax.,420,SANTA MARIA LACHIXIO
1435,20,Oaxaca,Oax.,421,SANTA MARIA MIXTEQUILLA
1436,20,Oaxaca,Oax.,422,SANTA MARIA NATIVITAS
1437,20,Oaxaca,Oax.,423,SANTA MARIA NDUAYACO
1438,20,Oaxaca,Oax.,424,SANTA MARIA OZOLOTEPEC
1439,20,Oaxaca,Oax.,425,SANTA MARIA PAPALO
1440,20,Oaxaca,Oax.,426,SANTA MARIA PEÑOLES
1441,20,Oaxaca,Oax.,427,SANTA MARIA PETAPA
1442,20,Oaxaca,Oax.,428,SANTA MARIA QUIEGOLANI
1443,20,Oaxaca,Oax.,429,SANTA MARIA SOLA
1444,20,Oaxaca,Oax.,430,SANTA MARIA TATALTEPEC
1445,20,Oaxaca,Oax.,431,SANTA MARIA TECOMAVACA
1446,20,Oaxaca,Oax.,432,SANTA MARIA TEMAXCALAPA
1447,20,Oaxaca,Oax.,433,SANTA MARIA TEMAXCALTEPEC
1448,20,Oaxaca,Oax.,434,SANTA MARIA TEOPOXCO
1449,20,Oaxaca,Oax.,435,SANTA MARIA TEPANTLALI
1450,20,Oaxaca,Oax.,436,SANTA MARIA TEXCATITLAN
1451,20,Oaxaca,Oax.,437,SANTA MARIA TLAHUITOLTEPEC
1452,20,Oaxaca,Oax.,438,SANTA MARIA TLALIXTAC
1453,20,Oaxaca,Oax.,439,SANTA MARIA TONAMECA
1454,20,Oaxaca,Oax.,440,SANTA MARIA TOTOLAPILLA
1455,20,Oaxaca,Oax.,441,SANTA MARIA XADANI
1456,20,Oaxaca,Oax.,442,SANTA MARIA YALINA
1457,20,Oaxaca,Oax.,443,SANTA MARIA YAVESIA
1458,20,Oaxaca,Oax.,444,SANTA MARIA YOLOTEPEC
1459,20,Oaxaca,Oax.,445,SANTA MARIA YOSOYUA
1460,20,Oaxaca,Oax.,446,SANTA MARIA YUCUHITI
1461,20,Oaxaca,Oax.,447,SANTA MARIA ZACATEPEC
1462,20,Oaxaca,Oax.,448,SANTA MARIA ZANIZA
1463,20,Oaxaca,Oax.,449,SANTA MARIA ZOQUITLAN
1464,20,Oaxaca,Oax.,450,SANTIAGO AMOLTEPEC
1465,20,Oaxaca,Oax.,451,SANTIAGO APOALA
1466,20,Oaxaca,Oax.,452,SANTIAGO APOSTOL
1467,20,Oaxaca,Oax.,453,SANTIAGO ASTATA
1468,20,Oaxaca,Oax.,454,SANTIAGO ATITLAN
1469,20,Oaxaca,Oax.,455,SANTIAGO AYUQUILILLA
1470,20,Oaxaca,Oax.,456,SANTIAGO CACALOXTEPEC
1471,20,Oaxaca,Oax.,457,SANTIAGO CAMOTLAN
1472,20,Oaxaca,Oax.,458,SANTIAGO COMALTEPEC
1473,20,Oaxaca,Oax.,459,VILLA DE SANTIAGO CHAZUMBA
1474,20,Oaxaca,Oax.,460,SANTIAGO CHOAPAM
1475,20,Oaxaca,Oax.,461,SANTIAGO DEL RIO
1476,20,Oaxaca,Oax.,462,SANTIAGO HUAJOLOTITLAN
1477,20,Oaxaca,Oax.,463,SANTIAGO HUAUCLILLA
1478,20,Oaxaca,Oax.,464,SANTIAGO IHUITLAN PLUMAS
1479,20,Oaxaca,Oax.,465,SANTIAGO IXCUINTEPEC
1480,20,Oaxaca,Oax.,466,SANTIAGO IXTAYUTLA
1481,20,Oaxaca,Oax.,467,SANTIAGO JAMILTEPEC
1482,20,Oaxaca,Oax.,468,SANTIAGO JOCOTEPEC
1483,20,Oaxaca,Oax.,469,SANTIAGO JUXTLAHUACA
1484,20,Oaxaca,Oax.,470,SANTIAGO LACHIGUIRI
1485,20,Oaxaca,Oax.,471,SANTIAGO LALOPA
1486,20,Oaxaca,Oax.,472,SANTIAGO LAOLLAGA
1487,20,Oaxaca,Oax.,473,SANTIAGO LAXOPA
1488,20,Oaxaca,Oax.,474,SANTIAGO LLANO GRANDE
1489,20,Oaxaca,Oax.,475,SANTIAGO MATATLAN
1490,20,Oaxaca,Oax.,476,SANTIAGO MILTEPEC
1491,20,Oaxaca,Oax.,477,SANTIAGO MINAS
1492,20,Oaxaca,Oax.,478,SANTIAGO NACALTEPEC
1493,20,Oaxaca,Oax.,479,SANTIAGO NEJAPILLA
1494,20,Oaxaca,Oax.,480,SANTIAGO NUNDICHE
1495,20,Oaxaca,Oax.,481,SANTIAGO NUYOO
1496,20,Oaxaca,Oax.,482,SANTIAGO PINOTEPA NACIONAL
1497,20,Oaxaca,Oax.,483,SANTIAGO SUCHILQUITONGO
1498,20,Oaxaca,Oax.,484,SANTIAGO TAMAZOLA
1499,20,Oaxaca,Oax.,485,SANTIAGO TAPEXTLA
1500,20,Oaxaca,Oax.,486,VILLA TEJUPAM DE LA UNION
1501,20,Oaxaca,Oax.,487,SANTIAGO TENANGO
1502,20,Oaxaca,Oax.,488,SANTIAGO TEPETLAPA
1503,20,Oaxaca,Oax.,489,SANTIAGO TETEPEC
1504,20,Oaxaca,Oax.,490,SANTIAGO TEXCALCINGO
1505,20,Oaxaca,Oax.,491,SANTIAGO TEXTITLAN
1506,20,Oaxaca,Oax.,492,SANTIAGO TILANTONGO
1507,20,Oaxaca,Oax.,493,SANTIAGO TILLO
1508,20,Oaxaca,Oax.,494,SANTIAGO TLAZOYALTEPEC
1509,20,Oaxaca,Oax.,495,SANTIAGO XANICA
1510,20,Oaxaca,Oax.,496,SANTIAGO XIACUI
1511,20,Oaxaca,Oax.,497,SANTIAGO YAITEPEC
1512,20,Oaxaca,Oax.,498,SANTIAGO YAVEO
1513,20,Oaxaca,Oax.,499,SANTIAGO YOLOMECATL
1514,20,Oaxaca,Oax.,500,SANTIAGO YOSONDUA
1515,20,Oaxaca,Oax.,501,SANTIAGO YUCUYACHI
1516,20,Oaxaca,Oax.,502,SANTIAGO ZACATEPEC
1517,20,Oaxaca,Oax.,503,SANTIAGO ZOOCHILA
1518,20,Oaxaca,Oax.,504,NUEVO ZOQUIAPAM
1519,20,Oaxaca,Oax.,505,SANTO DOMINGO INGENIO
1520,20,Oaxaca,Oax.,506,SANTO DOMINGO ALBARRADAS
1521,20,Oaxaca,Oax.,507,SANTO DOMINGO ARMENTA
1522,20,Oaxaca,Oax.,508,SANTO DOMINGO CHIHUITAN
1523,20,Oaxaca,Oax.,509,SANTO DOMINGO DE MORELOS
1524,20,Oaxaca,Oax.,510,SANTO DOMINGO IXCATLAN
1525,20,Oaxaca,Oax.,511,SANTO DOMINGO NUXAA
1526,20,Oaxaca,Oax.,512,SANTO DOMINGO OZOLOTEPEC
1527,20,Oaxaca,Oax.,513,SANTO DOMINGO PETAPA
1528,20,Oaxaca,Oax.,514,SANTO DOMINGO ROAYAGA
1529,20,Oaxaca,Oax.,515,SANTO DOMINGO TEHUANTEPEC
1530,20,Oaxaca,Oax.,516,SANTO DOMINGO TEOJOMULCO
1531,20,Oaxaca,Oax.,517,SANTO DOMINGO TEPUXTEPEC
1532,20,Oaxaca,Oax.,518,SANTO DOMINGO TLATAYAPAM
1533,20,Oaxaca,Oax.,519,SANTO DOMINGO TOMALTEPEC
1534,20,Oaxaca,Oax.,520,SANTO DOMINGO TONALA
1535,20,Oaxaca,Oax.,521,SANTO DOMINGO TONALTEPEC
1536,20,Oaxaca,Oax.,522,SANTO DOMINGO XAGACIA
1537,20,Oaxaca,Oax.,523,SANTO DOMINGO YANHUITLAN
1538,20,Oaxaca,Oax.,524,SANTO DOMINGO YODOHINO
1539,20,Oaxaca,Oax.,525,SANTO DOMINGO ZANATEPEC
1540,20,Oaxaca,Oax.,526,SANTOS REYES NOPALA
1541,20,Oaxaca,Oax.,527,SANTOS REYES PAPALO
1542,20,Oaxaca,Oax.,528,SANTOS REYES TEPEJILLO
1543,20,Oaxaca,Oax.,529,SANTOS REYES YUCUNA
1544,20,Oaxaca,Oax.,530,SANTO TOMAS JALIEZA
1545,20,Oaxaca,Oax.,531,SANTO TOMAS MAZALTEPEC
1546,20,Oaxaca,Oax.,532,SANTO TOMAS OCOTEPEC
1547,20,Oaxaca,Oax.,533,SANTO TOMAS TAMAZULAPAN
1548,20,Oaxaca,Oax.,534,SAN VICENTE COATLAN
1549,20,Oaxaca,Oax.,535,SAN VICENTE LACHIXIO
1550,20,Oaxaca,Oax.,536,SAN VICENTE NUÑU
1551,20,Oaxaca,Oax.,537,SILACAYOAPAM
1552,20,Oaxaca,Oax.,538,SITIO DE XITLAPEHUA
1553,20,Oaxaca,Oax.,539,SOLEDAD ETLA
1554,20,Oaxaca,Oax.,540,VILLA DE TAMAZULAPAM DEL PROGRESO
1555,20,Oaxaca,Oax.,541,TANETZE DE ZARAGOZA
1556,20,Oaxaca,Oax.,542,TANICHE
1557,20,Oaxaca,Oax.,543,TATALTEPEC DE VALDES
1558,20,Oaxaca,Oax.,544,TEOCOCUILCO DE MARCOS PEREZ
1559,20,Oaxaca,Oax.,545,TEOTITLAN DE FLORES MAGON
1560,20,Oaxaca,Oax.,546,TEOTITLAN DEL VALLE
1561,20,Oaxaca,Oax.,547,TEOTONGO
1562,20,Oaxaca,Oax.,548,TEPELMEME VILLA DE MORELOS
1563,20,Oaxaca,Oax.,549,"HEROICA VILLA TEZOATLAN DE SEGURA Y LUNA, CUNA DE LA INDEPENDENCIA DE OAXACA"
1564,20,Oaxaca,Oax.,550,SAN JERONIMO TLACOCHAHUAYA
1565,20,Oaxaca,Oax.,551,TLACOLULA DE MATAMOROS
1566,20,Oaxaca,Oax.,552,TLACOTEPEC PLUMAS
1567,20,Oaxaca,Oax.,553,TLALIXTAC DE CABRERA
1568,20,Oaxaca,Oax.,554,TOTONTEPEC VILLA DE MORELOS
1569,20,Oaxaca,Oax.,555,TRINIDAD ZAACHILA
1570,20,Oaxaca,Oax.,556,LA TRINIDAD VISTA HERMOSA
1571,20,Oaxaca,Oax.,557,UNION HIDALGO
1572,20,Oaxaca,Oax.,558,VALERIO TRUJANO
1573,20,Oaxaca,Oax.,559,SAN JUAN BAUTISTA VALLE NACIONAL
1574,20,Oaxaca,Oax.,560,VILLA DIAZ ORDAZ
1575,20,Oaxaca,Oax.,561,YAXE
1576,20,Oaxaca,Oax.,562,MAGDALENA YODOCONO DE PORFIRIO DIAZ
1577,20,Oaxaca,Oax.,563,YOGANA
1578,20,Oaxaca,Oax.,564,YUTANDUCHI DE GUERRERO
1579,20,Oaxaca,Oax.,565,VILLA DE ZAACHILA
1580,20,Oaxaca,Oax.,566,SAN MATEO YUCUTINDOO
1581,20,Oaxaca,Oax.,567,ZAPOTITLAN LAGUNAS
1582,20,Oaxaca,Oax.,568,ZAPOTITLAN PALMAS
1583,20,Oaxaca,Oax.,569,SANTA INES DE ZARAGOZA
1584,20,Oaxaca,Oax.,570,ZIMATLAN DE ALVAREZ
1585,21,Puebla,Pue.,1,ACAJETE
1586,21,Puebla,Pue.,2,ACATENO
1587,21,Puebla,Pue.,3,ACATLAN
1588,21,Puebla,Pue.,4,ACATZINGO
1589,21,Puebla,Pue.,5,ACTEOPAN
1590,21,Puebla,Pue.,6,AHUACATLAN
1591,21,Puebla,Pue.,7,AHUATLAN
1592,21,Puebla,Pue.,8,AHUAZOTEPEC
1593,21,Puebla,Pue.,9,AHUEHUETITLA
1594,21,Puebla,Pue.,10,AJALPAN
1595,21,Puebla,Pue.,11,ALBINO ZERTUCHE
1596,21,Puebla,Pue.,12,ALJOJUCA
1597,21,Puebla,Pue.,13,ALTEPEXI
1598,21,Puebla,Pue.,14,AMIXTLAN
1599,21,Puebla,Pue.,15,AMOZOC
1600,21,Puebla,Pue.,16,AQUIXTLA
1601,21,Puebla,Pue.,17,ATEMPAN
1602,21,Puebla,Pue.,18,ATEXCAL
1603,21,Puebla,Pue.,19,ATLIXCO
1604,21,Puebla,Pue.,20,ATOYATEMPAN
1605,21,Puebla,Pue.,21,ATZALA
1606,21,Puebla,Pue.,22,ATZITZIHUACAN
1607,21,Puebla,Pue.,23,ATZITZINTLA
1608,21,Puebla,Pue.,24,AXUTLA
1609,21,Puebla,Pue.,25,AYOTOXCO DE GUERRERO
1610,21,Puebla,Pue.,26,CALPAN
1611,21,Puebla,Pue.,27,CALTEPEC
1612,21,Puebla,Pue.,28,CAMOCUAUTLA
1613,21,Puebla,Pue.,29,CAXHUACAN
1614,21,Puebla,Pue.,30,COATEPEC
1615,21,Puebla,Pue.,31,COATZINGO
1616,21,Puebla,Pue.,32,COHETZALA
1617,21,Puebla,Pue.,33,COHUECAN
1618,21,Puebla,Pue.,34,CORONANGO
1619,21,Puebla,Pue.,35,COXCATLAN
1620,21,Puebla,Pue.,36,COYOMEAPAN
1621,21,Puebla,Pue.,37,COYOTEPEC
1622,21,Puebla,Pue.,38,CUAPIAXTLA DE MADERO
1623,21,Puebla,Pue.,39,CUAUTEMPAN
1624,21,Puebla,Pue.,40,CUAUTINCHAN
1625,21,Puebla,Pue.,41,CUAUTLANCINGO
1626,21,Puebla,Pue.,42,CUAYUCA DE ANDRADE
1627,21,Puebla,Pue.,43,CUETZALAN DEL PROGRESO
1628,21,Puebla,Pue.,44,CUYOACO
1629,21,Puebla,Pue.,45,CHALCHICOMULA DE SESMA
1630,21,Puebla,Pue.,46,CHAPULCO
1631,21,Puebla,Pue.,47,CHIAUTLA
1632,21,Puebla,Pue.,48,CHIAUTZINGO
1633,21,Puebla,Pue.,49,CHICONCUAUTLA
1634,21,Puebla,Pue.,50,CHICHIQUILA
1635,21,Puebla,Pue.,51,CHIETLA
1636,21,Puebla,Pue.,52,CHIGMECATITLAN
1637,21,Puebla,Pue.,53,CHIGNAHUAPAN
1638,21,Puebla,Pue.,54,CHIGNAUTLA
1639,21,Puebla,Pue.,55,CHILA
1640,21,Puebla,Pue.,56,CHILA DE LA SAL
1641,21,Puebla,Pue.,57,HONEY
1642,21,Puebla,Pue.,58,CHILCHOTLA
1643,21,Puebla,Pue.,59,CHINANTLA
1644,21,Puebla,Pue.,60,DOMINGO ARENAS
1645,21,Puebla,Pue.,61,ELOXOCHITLAN
1646,21,Puebla,Pue.,62,EPATLAN
1647,21,Puebla,Pue.,63,ESPERANZA
1648,21,Puebla,Pue.,64,FRANCISCO Z. MENA
1649,21,Puebla,Pue.,65,GENERAL FELIPE ANGELES
1650,21,Puebla,Pue.,66,GUADALUPE
1651,21,Puebla,Pue.,67,GUADALUPE VICTORIA
1652,21,Puebla,Pue.,68,HERMENEGILDO GALEANA
1653,21,Puebla,Pue.,69,HUAQUECHULA
1654,21,Puebla,Pue.,70,HUATLATLAUCA
1655,21,Puebla,Pue.,71,HUAUCHINANGO
1656,21,Puebla,Pue.,72,HUEHUETLA
1657,21,Puebla,Pue.,73,HUEHUETLAN EL CHICO
1658,21,Puebla,Pue.,74,HUEJOTZINGO
1659,21,Puebla,Pue.,75,HUEYAPAN
1660,21,Puebla,Pue.,76,HUEYTAMALCO
1661,21,Puebla,Pue.,77,HUEYTLALPAN
1662,21,Puebla,Pue.,78,HUITZILAN DE SERDAN
1663,21,Puebla,Pue.,79,HUITZILTEPEC
1664,21,Puebla,Pue.,80,ATLEQUIZAYAN
1665,21,Puebla,Pue.,81,IXCAMILPA DE GUERRERO
1666,21,Puebla,Pue.,82,IXCAQUIXTLA
1667,21,Puebla,Pue.,83,IXTACAMAXTITLAN
1668,21,Puebla,Pue.,84,IXTEPEC
1669,21,Puebla,Pue.,85,IZUCAR DE MATAMOROS
1670,21,Puebla,Pue.,86,JALPAN
1671,21,Puebla,Pue.,87,JOLALPAN
1672,21,Puebla,Pue.,88,JONOTLA
1673,21,Puebla,Pue.,89,JOPALA
1674,21,Puebla,Pue.,90,JUAN C. BONILLA
1675,21,Puebla,Pue.,91,JUAN GALINDO
1676,21,Puebla,Pue.,92,JUAN N. MENDEZ
1677,21,Puebla,Pue.,93,LAFRAGUA
1678,21,Puebla,Pue.,94,LIBRES
1679,21,Puebla,Pue.,95,LA MAGDALENA TLATLAUQUITEPEC
1680,21,Puebla,Pue.,96,MAZAPILTEPEC DE JUAREZ
1681,21,Puebla,Pue.,97,MIXTLA
1682,21,Puebla,Pue.,98,MOLCAXAC
1683,21,Puebla,Pue.,99,CAÑADA MORELOS
1684,21,Puebla,Pue.,100,NAUPAN
1685,21,Puebla,Pue.,101,NAUZONTLA
1686,21,Puebla,Pue.,102,NEALTICAN
1687,21,Puebla,Pue.,103,NICOLAS BRAVO
1688,21,Puebla,Pue.,104,NOPALUCAN
1689,21,Puebla,Pue.,105,OCOTEPEC
1690,21,Puebla,Pue.,106,OCOYUCAN
1691,21,Puebla,Pue.,107,OLINTLA
1692,21,Puebla,Pue.,108,ORIENTAL
1693,21,Puebla,Pue.,109,PAHUATLAN
1694,21,Puebla,Pue.,110,PALMAR DE BRAVO
1695,21,Puebla,Pue.,111,PANTEPEC
1696,21,Puebla,Pue.,112,PETLALCINGO
1697,21,Puebla,Pue.,113,PIAXTLA
1698,21,Puebla,Pue.,114,PUEBLA
1699,21,Puebla,Pue.,115,QUECHOLAC
1700,21,Puebla,Pue.,116,QUIMIXTLAN
1701,21,Puebla,Pue.,117,RAFAEL LARA GRAJALES
1702,21,Puebla,Pue.,118,LOS REYES DE JUAREZ
1703,21,Puebla,Pue.,119,SAN ANDRES CHOLULA
1704,21,Puebla,Pue.,120,SAN ANTONIO CAÑADA
1705,21,Puebla,Pue.,121,SAN DIEGO LA MESA TOCHIMILTZINGO
1706,21,Puebla,Pue.,122,SAN FELIPE TEOTLALCINGO
1707,21,Puebla,Pue.,123,SAN FELIPE TEPATLAN
1708,21,Puebla,Pue.,124,SAN GABRIEL CHILAC
1709,21,Puebla,Pue.,125,SAN GREGORIO ATZOMPA
1710,21,Puebla,Pue.,126,SAN JERONIMO TECUANIPAN
1711,21,Puebla,Pue.,127,SAN JERONIMO XAYACATLAN
1712,21,Puebla,Pue.,128,SAN JOSE CHIAPA
1713,21,Puebla,Pue.,129,SAN JOSE MIAHUATLAN
1714,21,Puebla,Pue.,130,SAN JUAN ATENCO
1715,21,Puebla,Pue.,131,SAN JUAN ATZOMPA
1716,21,Puebla,Pue.,132,SAN MARTIN TEXMELUCAN
1717,21,Puebla,Pue.,133,SAN MARTIN TOTOLTEPEC
1718,21,Puebla,Pue.,134,SAN MATIAS TLALANCALECA
1719,21,Puebla,Pue.,135,SAN MIGUEL IXITLAN
1720,21,Puebla,Pue.,136,SAN MIGUEL XOXTLA
1721,21,Puebla,Pue.,137,SAN NICOLAS BUENOS AIRES
1722,21,Puebla,Pue.,138,SAN NICOLAS DE LOS RANCHOS
1723,21,Puebla,Pue.,139,SAN PABLO ANICANO
1724,21,Puebla,Pue.,140,SAN PEDRO CHOLULA
1725,21,Puebla,Pue.,141,SAN PEDRO YELOIXTLAHUACA
1726,21,Puebla,Pue.,142,SAN SALVADOR EL SECO
1727,21,Puebla,Pue.,143,SAN SALVADOR EL VERDE
1728,21,Puebla,Pue.,144,SAN SALVADOR HUIXCOLOTLA
1729,21,Puebla,Pue.,145,SAN SEBASTIAN TLACOTEPEC
1730,21,Puebla,Pue.,146,SANTA CATARINA TLALTEMPAN
1731,21,Puebla,Pue.,147,SANTA INES AHUATEMPAN
1732,21,Puebla,Pue.,148,SANTA ISABEL CHOLULA
1733,21,Puebla,Pue.,149,SANTIAGO MIAHUATLAN
1734,21,Puebla,Pue.,150,HUEHUETLAN EL GRANDE
1735,21,Puebla,Pue.,151,SANTO TOMAS HUEYOTLIPAN
1736,21,Puebla,Pue.,152,SOLTEPEC
1737,21,Puebla,Pue.,153,TECALI DE HERRERA
1738,21,Puebla,Pue.,154,TECAMACHALCO
1739,21,Puebla,Pue.,155,TECOMATLAN
1740,21,Puebla,Pue.,156,TEHUACAN
1741,21,Puebla,Pue.,157,TEHUITZINGO
1742,21,Puebla,Pue.,158,TENAMPULCO
1743,21,Puebla,Pue.,159,TEOPANTLAN
1744,21,Puebla,Pue.,160,TEOTLALCO
1745,21,Puebla,Pue.,161,TEPANCO DE LOPEZ
1746,21,Puebla,Pue.,162,TEPANGO DE RODRIGUEZ
1747,21,Puebla,Pue.,163,TEPATLAXCO DE HIDALGO
1748,21,Puebla,Pue.,164,TEPEACA
1749,21,Puebla,Pue.,165,TEPEMAXALCO
1750,21,Puebla,Pue.,166,TEPEOJUMA
1751,21,Puebla,Pue.,167,TEPETZINTLA
1752,21,Puebla,Pue.,168,TEPEXCO
1753,21,Puebla,Pue.,169,TEPEXI DE RODRIGUEZ
1754,21,Puebla,Pue.,170,TEPEYAHUALCO
1755,21,Puebla,Pue.,171,TEPEYAHUALCO DE CUAUHTEMOC
1756,21,Puebla,Pue.,172,TETELA DE OCAMPO
1757,21,Puebla,Pue.,173,TETELES DE AVILA CASTILLO
1758,21,Puebla,Pue.,174,TEZIUTLAN
1759,21,Puebla,Pue.,175,TIANGUISMANALCO
1760,21,Puebla,Pue.,176,TILAPA
1761,21,Puebla,Pue.,177,TLACOTEPEC DE BENITO JUAREZ
1762,21,Puebla,Pue.,178,TLACUILOTEPEC
1763,21,Puebla,Pue.,179,TLACHICHUCA
1764,21,Puebla,Pue.,180,TLAHUAPAN
1765,21,Puebla,Pue.,181,TLALTENANGO
1766,21,Puebla,Pue.,182,TLANEPANTLA
1767,21,Puebla,Pue.,183,TLAOLA
1768,21,Puebla,Pue.,184,TLAPACOYA
1769,21,Puebla,Pue.,185,TLAPANALA
1770,21,Puebla,Pue.,186,TLATLAUQUITEPEC
1771,21,Puebla,Pue.,187,TLAXCO
1772,21,Puebla,Pue.,188,TOCHIMILCO
1773,21,Puebla,Pue.,189,TOCHTEPEC
1774,21,Puebla,Pue.,190,TOTOLTEPEC DE GUERRERO
1775,21,Puebla,Pue.,191,TULCINGO
1776,21,Puebla,Pue.,192,TUZAMAPAN DE GALEANA
1777,21,Puebla,Pue.,193,TZICATLACOYAN
1778,21,Puebla,Pue.,194,VENUSTIANO CARRANZA
1779,21,Puebla,Pue.,195,VICENTE GUERRERO
1780,21,Puebla,Pue.,196,XAYACATLAN DE BRAVO
1781,21,Puebla,Pue.,197,XICOTEPEC
1782,21,Puebla,Pue.,198,XICOTLAN
1783,21,Puebla,Pue.,199,XIUTETELCO
1784,21,Puebla,Pue.,200,XOCHIAPULCO
1785,21,Puebla,Pue.,201,XOCHILTEPEC
1786,21,Puebla,Pue.,202,XOCHITLAN DE VICENTE SUAREZ
1787,21,Puebla,Pue.,203,XOCHITLAN TODOS SANTOS
1788,21,Puebla,Pue.,204,YAONAHUAC
1789,21,Puebla,Pue.,205,YEHUALTEPEC
1790,21,Puebla,Pue.,206,ZACAPALA
1791,21,Puebla,Pue.,207,ZACAPOAXTLA
1792,21,Puebla,Pue.,208,ZACATLAN
1793,21,Puebla,Pue.,209,ZAPOTITLAN
1794,21,Puebla,Pue.,210,ZAPOTITLAN DE MENDEZ
1795,21,Puebla,Pue.,211,ZARAGOZA
1796,21,Puebla,Pue.,212,ZAUTLA
1797,21,Puebla,Pue.,213,ZIHUATEUTLA
1798,21,Puebla,Pue.,214,ZINACATEPEC
1799,21,Puebla,Pue.,215,ZONGOZOTLA
1800,21,Puebla,Pue.,216,ZOQUIAPAN
1801,21,Puebla,Pue.,217,ZOQUITLAN
1802,22,Queretaro,Qro.,1,AMEALCO DE BONFIL
1803,22,Queretaro,Qro.,2,PINAL DE AMOLES
1804,22,Queretaro,Qro.,3,ARROYO SECO
1805,22,Queretaro,Qro.,4,CADEREYTA DE MONTES
1806,22,Queretaro,Qro.,5,COLON
1807,22,Queretaro,Qro.,6,CORREGIDORA
1808,22,Queretaro,Qro.,7,EZEQUIEL MONTES
1809,22,Queretaro,Qro.,8,HUIMILPAN
1810,22,Queretaro,Qro.,9,JALPAN DE SERRA
1811,22,Queretaro,Qro.,10,LANDA DE MATAMOROS
1812,22,Queretaro,Qro.,11,EL MARQUES
1813,22,Queretaro,Qro.,12,PEDRO ESCOBEDO
1814,22,Queretaro,Qro.,13,PEÑAMILLER
1815,22,Queretaro,Qro.,14,QUERETARO
1816,22,Queretaro,Qro.,15,SAN JOAQUIN
1817,22,Queretaro,Qro.,16,SAN JUAN DEL RIO
1818,22,Queretaro,Qro.,17,TEQUISQUIAPAN
1819,22,Queretaro,Qro.,18,TOLIMAN
1820,23,Quintana Roo,Q. Roo,1,COZUMEL
1821,23,Quintana Roo,Q. Roo,2,FELIPE CARRILLO PUERTO
1822,23,Quintana Roo,Q. Roo,3,ISLA MUJERES
1823,23,Quintana Roo,Q. Roo,4,OTHON P. BLANCO
1824,23,Quintana Roo,Q. Roo,5,BENITO JUAREZ
1825,23,Quintana Roo,Q. Roo,6,JOSE MARIA MORELOS
1826,23,Quintana Roo,Q. Roo,7,LAZARO CARDENAS
1827,23,Quintana Roo,Q. Roo,8,SOLIDARIDAD
1828,23,Quintana Roo,Q. Roo,9,TULUM
1829,23,Quintana Roo,Q. Roo,10,BACALAR
1830,23,Quintana Roo,Q. Roo,11,PUERTO MORELOS
1831,24,San Luis Potosi,SLP,1,AHUALULCO DEL SONIDO 13
1832,24,San Luis Potosi,SLP,2,ALAQUINES
1833,24,San Luis Potosi,SLP,3,AQUISMON
1834,24,San Luis Potosi,SLP,4,ARMADILLO DE LOS INFANTE
1835,24,San Luis Potosi,SLP,5,CARDENAS
1836,24,San Luis Potosi,SLP,6,CATORCE
1837,24,San Luis Potosi,SLP,7,CEDRAL
1838,24,San Luis Potosi,SLP,8,CERRITOS
1839,24,San Luis Potosi,SLP,9,CERRO DE SAN PEDRO
1840,24,San Luis Potosi,SLP,10,CIUDAD DEL MAIZ
1841,24,San Luis Potosi,SLP,11,CIUDAD FERNANDEZ
1842,24,San Luis Potosi,SLP,12,TANCANHUITZ
1843,24,San Luis Potosi,SLP,13,CIUDAD VALLES
1844,24,San Luis Potosi,SLP,14,COXCATLAN
1845,24,San Luis Potosi,SLP,15,CHARCAS
1846,24,San Luis Potosi,SLP,16,EBANO
1847,24,San Luis Potosi,SLP,17,GUADALCAZAR
1848,24,San Luis Potosi,SLP,18,HUEHUETLAN
1849,24,San Luis Potosi,SLP,19,LAGUNILLAS
1850,24,San Luis Potosi,SLP,20,MATEHUALA
1851,24,San Luis Potosi,SLP,21,MEXQUITIC DE CARMONA
1852,24,San Luis Potosi,SLP,22,MOCTEZUMA
1853,24,San Luis Potosi,SLP,23,RAYON
1854,24,San Luis Potosi,SLP,24,RIOVERDE
1855,24,San Luis Potosi,SLP,25,SALINAS
1856,24,San Luis Potosi,SLP,26,SAN ANTONIO
1857,24,San Luis Potosi,SLP,27,SAN CIRO DE ACOSTA
1858,24,San Luis Potosi,SLP,28,SAN LUIS POTOSI
1859,24,San Luis Potosi,SLP,29,SAN MARTIN CHALCHICUAUTLA
1860,24,San Luis Potosi,SLP,30,SAN NICOLAS TOLENTINO
1861,24,San Luis Potosi,SLP,31,SANTA CATARINA
1862,24,San Luis Potosi,SLP,32,SANTA MARIA DEL RIO
1863,24,San Luis Potosi,SLP,33,SANTO DOMINGO
1864,24,San Luis Potosi,SLP,34,SAN VICENTE TANCUAYALAB
1865,24,San Luis Potosi,SLP,35,SOLEDAD DE GRACIANO SANCHEZ
1866,24,San Luis Potosi,SLP,36,TAMASOPO
1867,24,San Luis Potosi,SLP,37,TAMAZUNCHALE
1868,24,San Luis Potosi,SLP,38,TAMPACAN
1869,24,San Luis Potosi,SLP,39,TAMPAMOLON CORONA
1870,24,San Luis Potosi,SLP,40,TAMUIN
1871,24,San Luis Potosi,SLP,41,TANLAJAS
1872,24,San Luis Potosi,SLP,42,TANQUIAN DE ESCOBEDO
1873,24,San Luis Potosi,SLP,43,TIERRA NUEVA
1874,24,San Luis Potosi,SLP,44,VANEGAS
1875,24,San Luis Potosi,SLP,45,VENADO
1876,24,San Luis Potosi,SLP,46,VILLA DE ARRIAGA
1877,24,San Luis Potosi,SLP,47,VILLA DE GUADALUPE
1878,24,San Luis Potosi,SLP,48,VILLA DE LA PAZ
1879,24,San Luis Potosi,SLP,49,VILLA DE RAMOS
1880,24,San Luis Potosi,SLP,50,VILLA DE REYES
1881,24,San Luis Potosi,SLP,51,VILLA HIDALGO
1882,24,San Luis Potosi,SLP,52,VILLA JUAREZ
1883,24,San Luis Potosi,SLP,53,AXTLA DE TERRAZAS
1884,24,San Luis Potosi,SLP,54,XILITLA
1885,24,San Luis Potosi,SLP,55,ZARAGOZA
1886,24,San Luis Potosi,SLP,56,VILLA DE ARISTA
1887,24,San Luis Potosi,SLP,57,MATLAPA
1888,24,San Luis Potosi,SLP,58,EL NARANJO
1889,25,Sinaloa,Sin.,1,AHOME
1890,25,Sinaloa,Sin.,2,ANGOSTURA
1891,25,Sinaloa,Sin.,3,BADIRAGUATO
1892,25,Sinaloa,Sin.,4,CONCORDIA
1893,25,Sinaloa,Sin.,5,COSALA
1894,25,Sinaloa,Sin.,6,CULIACAN
1895,25,Sinaloa,Sin.,7,CHOIX
1896,25,Sinaloa,Sin.,8,ELOTA
1897,25,Sinaloa,Sin.,9,ESCUINAPA
1898,25,Sinaloa,Sin.,10,EL FUERTE
1899,25,Sinaloa,Sin.,11,GUASAVE
1900,25,Sinaloa,Sin.,12,MAZATLAN
1901,25,Sinaloa,Sin.,13,MOCORITO
1902,25,Sinaloa,Sin.,14,ROSARIO
1903,25,Sinaloa,Sin.,15,SALVADOR ALVARADO
1904,25,Sinaloa,Sin.,16,SAN IGNACIO
1905,25,Sinaloa,Sin.,17,SINALOA
1906,25,Sinaloa,Sin.,18,NAVOLATO
1907,26,Sonora,Son.,1,ACONCHI
1908,26,Sonora,Son.,2,AGUA PRIETA
1909,26,Sonora,Son.,3,ALAMOS
1910,26,Sonora,Son.,4,ALTAR
1911,26,Sonora,Son.,5,ARIVECHI
1912,26,Sonora,Son.,6,ARIZPE
1913,26,Sonora,Son.,7,ATIL
1914,26,Sonora,Son.,8,BACADEHUACHI
1915,26,Sonora,Son.,9,BACANORA
1916,26,Sonora,Son.,10,BACERAC
1917,26,Sonora,Son.,11,BACOACHI
1918,26,Sonora,Son.,12,BACUM
1919,26,Sonora,Son.,13,BANAMICHI
1920,26,Sonora,Son.,14,BAVIACORA
1921,26,Sonora,Son.,15,BAVISPE
1922,26,Sonora,Son.,16,BENJAMIN HILL
1923,26,Sonora,Son.,17,CABORCA
1924,26,Sonora,Son.,18,CAJEME
1925,26,Sonora,Son.,19,CANANEA
1926,26,Sonora,Son.,20,CARBO
1927,26,Sonora,Son.,21,LA COLORADA
1928,26,Sonora,Son.,22,CUCURPE
1929,26,Sonora,Son.,23,CUMPAS
1930,26,Sonora,Son.,24,DIVISADEROS
1931,26,Sonora,Son.,25,EMPALME
1932,26,Sonora,Son.,26,ETCHOJOA
1933,26,Sonora,Son.,27,FRONTERAS
1934,26,Sonora,Son.,28,GRANADOS
1935,26,Sonora,Son.,29,GUAYMAS
1936,26,Sonora,Son.,30,HERMOSILLO
1937,26,Sonora,Son.,31,HUACHINERA
1938,26,Sonora,Son.,32,HUASABAS
1939,26,Sonora,Son.,33,HUATABAMPO
1940,26,Sonora,Son.,34,HUEPAC
1941,26,Sonora,Son.,35,IMURIS
1942,26,Sonora,Son.,36,MAGDALENA
1943,26,Sonora,Son.,37,MAZATAN
1944,26,Sonora,Son.,38,MOCTEZUMA
1945,26,Sonora,Son.,39,NACO
1946,26,Sonora,Son.,40,NACORI CHICO
1947,26,Sonora,Son.,41,NACOZARI DE GARCIA
1948,26,Sonora,Son.,42,NAVOJOA
1949,26,Sonora,Son.,43,NOGALES
1950,26,Sonora,Son.,44,ONAVAS
1951,26,Sonora,Son.,45,OPODEPE
1952,26,Sonora,Son.,46,OQUITOA
1953,26,Sonora,Son.,47,PITIQUITO
1954,26,Sonora,Son.,48,PUERTO PEÑASCO
1955,26,Sonora,Son.,49,QUIRIEGO
1956,26,Sonora,Son.,50,RAYON
1957,26,Sonora,Son.,51,ROSARIO
1958,26,Sonora,Son.,52,SAHUARIPA
1959,26,Sonora,Son.,53,SAN FELIPE DE JESUS
1960,26,Sonora,Son.,54,SAN JAVIER
1961,26,Sonora,Son.,55,SAN LUIS RIO COLORADO
1962,26,Sonora,Son.,56,SAN MIGUEL DE HORCASITAS
1963,26,Sonora,Son.,57,SAN PEDRO DE LA CUEVA
1964,26,Sonora,Son.,58,SANTA ANA
1965,26,Sonora,Son.,59,SANTA CRUZ
1966,26,Sonora,Son.,60,SARIC
1967,26,Sonora,Son.,61,SOYOPA
1968,26,Sonora,Son.,62,SUAQUI GRANDE
1969,26,Sonora,Son.,63,TEPACHE
1970,26,Sonora,Son.,64,TRINCHERAS
1971,26,Sonora,Son.,65,TUBUTAMA
1972,26,Sonora,Son.,66,URES
1973,26,Sonora,Son.,67,VILLA HIDALGO
1974,26,Sonora,Son.,68,VILLA PESQUEIRA
1975,26,Sonora,Son.,69,YECORA
1976,26,Sonora,Son.,70,GENERAL PLUTARCO ELIAS CALLES
1977,26,Sonora,Son.,71,BENITO JUAREZ
1978,26,Sonora,Son.,72,SAN IGNACIO RIO MUERTO
1979,27,Tabasco,Tab.,1,BALANCAN
1980,27,Tabasco,Tab.,2,CARDENAS
1981,27,Tabasco,Tab.,3,CENTLA
1982,27,Tabasco,Tab.,4,CENTRO
1983,27,Tabasco,Tab.,5,COMALCALCO
1984,27,Tabasco,Tab.,6,CUNDUACAN
1985,27,Tabasco,Tab.,7,EMILIANO ZAPATA
1986,27,Tabasco,Tab.,8,HUIMANGUILLO
1987,27,Tabasco,Tab.,9,JALAPA
1988,27,Tabasco,Tab.,10,JALPA DE MENDEZ
1989,27,Tabasco,Tab.,11,JONUTA
1990,27,Tabasco,Tab.,12,MACUSPANA
1991,27,Tabasco,Tab.,13,NACAJUCA
1992,27,Tabasco,Tab.,14,PARAISO
1993,27,Tabasco,Tab.,15,TACOTALPA
1994,27,Tabasco,Tab.,16,TEAPA
1995,27,Tabasco,Tab.,17,TENOSIQUE
1996,28,Tamaulipas,Tamps.,1,ABASOLO
1997,28,Tamaulipas,Tamps.,2,ALDAMA
1998,28,Tamaulipas,Tamps.,3,ALTAMIRA
1999,28,Tamaulipas,Tamps.,4,ANTIGUO MORELOS
2000,28,Tamaulipas,Tamps.,5,BURGOS
2001,28,Tamaulipas,Tamps.,6,BUSTAMANTE
2002,28,Tamaulipas,Tamps.,7,CAMARGO
2003,28,Tamaulipas,Tamps.,8,CASAS
2004,28,Tamaulipas,Tamps.,9,CIUDAD MADERO
2005,28,Tamaulipas,Tamps.,10,CRUILLAS
2006,28,Tamaulipas,Tamps.,11,GOMEZ FARIAS
2007,28,Tamaulipas,Tamps.,12,GONZALEZ
2008,28,Tamaulipas,Tamps.,13,GÜEMEZ
2009,28,Tamaulipas,Tamps.,14,GUERRERO
2010,28,Tamaulipas,Tamps.,15,GUSTAVO DIAZ ORDAZ
2011,28,Tamaulipas,Tamps.,16,HIDALGO
2012,28,Tamaulipas,Tamps.,17,JAUMAVE
2013,28,Tamaulipas,Tamps.,18,JIMENEZ
2014,28,Tamaulipas,Tamps.,19,LLERA
2015,28,Tamaulipas,Tamps.,20,MAINERO
2016,28,Tamaulipas,Tamps.,21,EL MANTE
2017,28,Tamaulipas,Tamps.,22,MATAMOROS
2018,28,Tamaulipas,Tamps.,23,MENDEZ
2019,28,Tamaulipas,Tamps.,24,MIER
2020,28,Tamaulipas,Tamps.,25,MIGUEL ALEMAN
2021,28,Tamaulipas,Tamps.,26,MIQUIHUANA
2022,28,Tamaulipas,Tamps.,27,NUEVO LAREDO
2023,28,Tamaulipas,Tamps.,28,NUEVO MORELOS
2024,28,Tamaulipas,Tamps.,29,OCAMPO
2025,28,Tamaulipas,Tamps.,30,PADILLA
2026,28,Tamaulipas,Tamps.,31,PALMILLAS
2027,28,Tamaulipas,Tamps.,32,REYNOSA
2028,28,Tamaulipas,Tamps.,33,RIO BRAVO
2029,28,Tamaulipas,Tamps.,34,SAN CARLOS
2030,28,Tamaulipas,Tamps.,35,SAN FERNANDO
2031,28,Tamaulipas,Tamps.,36,SAN NICOLAS
2032,28,Tamaulipas,Tamps.,37,SOTO LA MARINA
2033,28,Tamaulipas,Tamps.,38,TAMPICO
2034,28,Tamaulipas,Tamps.,39,TULA
2035,28,Tamaulipas,Tamps.,40,VALLE HERMOSO
2036,28,Tamaulipas,Tamps.,41,VICTORIA
2037,28,Tamaulipas,Tamps.,42,VILLAGRAN
2038,28,Tamaulipas,Tamps.,43,XICOTENCATL
2039,29,Tlaxcala,Tlax.,1,AMAXAC DE GUERRERO
2040,29,Tlaxcala,Tlax.,2,APETATITLAN DE ANTONIO CARVAJAL
2041,29,Tlaxcala,Tlax.,3,ATLANGATEPEC
2042,29,Tlaxcala,Tlax.,4,ATLTZAYANCA
2043,29,Tlaxcala,Tlax.,5,APIZACO
2044,29,Tlaxcala,Tlax.,6,CALPULALPAN
2045,29,Tlaxcala,Tlax.,7,EL CARMEN TEQUEXQUITLA
2046,29,Tlaxcala,Tlax.,8,CUAPIAXTLA
2047,29,Tlaxcala,Tlax.,9,CUAXOMULCO
2048,29,Tlaxcala,Tlax.,10,CHIAUTEMPAN
2049,29,Tlaxcala,Tlax.,11,MUÑOZ DE DOMINGO ARENAS
2050,29,Tlaxcala,Tlax.,12,ESPAÑITA
2051,29,Tlaxcala,Tlax.,13,HUAMANTLA
2052,29,Tlaxcala,Tlax.,14,HUEYOTLIPAN
2053,29,Tlaxcala,Tlax.,15,IXTACUIXTLA DE MARIANO MATAMOROS
2054,29,Tlaxcala,Tlax.,16,IXTENCO
2055,29,Tlaxcala,Tlax.,17,MAZATECOCHCO DE JOSE MARIA MORELOS
2056,29,Tlaxcala,Tlax.,18,CONTLA DE JUAN CUAMATZI
2057,29,Tlaxcala,Tlax.,19,TEPETITLA DE LARDIZABAL
2058,29,Tlaxcala,Tlax.,20,SANCTORUM DE LAZARO CARDENAS
2059,29,Tlaxcala,Tlax.,21,NANACAMILPA DE MARIANO ARISTA
2060,29,Tlaxcala,Tlax.,22,ACUAMANALA DE MIGUEL HIDALGO
2061,29,Tlaxcala,Tlax.,23,NATIVITAS
2062,29,Tlaxcala,Tlax.,24,PANOTLA
2063,29,Tlaxcala,Tlax.,25,SAN PABLO DEL MONTE
2064,29,Tlaxcala,Tlax.,26,SANTA CRUZ TLAXCALA
2065,29,Tlaxcala,Tlax.,27,TENANCINGO
2066,29,Tlaxcala,Tlax.,28,TEOLOCHOLCO
2067,29,Tlaxcala,Tlax.,29,TEPEYANCO
2068,29,Tlaxcala,Tlax.,30,TERRENATE
2069,29,Tlaxcala,Tlax.,31,TETLA DE LA SOLIDARIDAD
2070,29,Tlaxcala,Tlax.,32,TETLATLAHUCA
2071,29,Tlaxcala,Tlax.,33,TLAXCALA
2072,29,Tlaxcala,Tlax.,34,TLAXCO
2073,29,Tlaxcala,Tlax.,35,TOCATLAN
2074,29,Tlaxcala,Tlax.,36,TOTOLAC
2075,29,Tlaxcala,Tlax.,37,ZILTLALTEPEC DE TRINIDAD SANCHEZ SANTOS
2076,29,Tlaxcala,Tlax.,38,TZOMPANTEPEC
2077,29,Tlaxcala,Tlax.,39,XALOZTOC
2078,29,Tlaxcala,Tlax.,40,XALTOCAN
2079,29,Tlaxcala,Tlax.,41,PAPALOTLA DE XICOHTENCATL
2080,29,Tlaxcala,Tlax.,42,XICOHTZINCO
2081,29,Tlaxcala,Tlax.,43,YAUHQUEMEHCAN
2082,29,Tlaxcala,Tlax.,44,ZACATELCO
2083,29,Tlaxcala,Tlax.,45,BENITO JUAREZ
2084,29,Tlaxcala,Tlax.,46,EMILIANO ZAPATA
2085,29,Tlaxcala,Tlax.,47,LAZARO CARDENAS
2086,29,Tlaxcala,Tlax.,48,LA MAGDALENA TLALTELULCO
2087,29,Tlaxcala,Tlax.,49,SAN DAMIAN TEXOLOC
2088,29,Tlaxcala,Tlax.,50,SAN FRANCISCO TETLANOHCAN
2089,29,Tlaxcala,Tlax.,51,SAN JERONIMO ZACUALPAN
2090,29,Tlaxcala,Tlax.,52,SAN JOSE TEACALCO
2091,29,Tlaxcala,Tlax.,53,SAN JUAN HUACTZINCO
2092,29,Tlaxcala,Tlax.,54,SAN LORENZO AXOCOMANITLA
2093,29,Tlaxcala,Tlax.,55,SAN LUCAS TECOPILCO
2094,29,Tlaxcala,Tlax.,56,SANTA ANA NOPALUCAN
2095,29,Tlaxcala,Tlax.,57,SANTA APOLONIA TEACALCO
2096,29,Tlaxcala,Tlax.,58,SANTA CATARINA AYOMETLA
2097,29,Tlaxcala,Tlax.,59,SANTA CRUZ QUILEHTLA
2098,29,Tlaxcala,Tlax.,60,SANTA ISABEL XILOXOXTLA
2099,30,Veracruz,Ver.,1,ACAJETE
2100,30,Veracruz,Ver.,2,ACATLAN
2101,30,Veracruz,Ver.,3,ACAYUCAN
2102,30,Veracruz,Ver.,4,ACTOPAN
2103,30,Veracruz,Ver.,5,ACULA
2104,30,Veracruz,Ver.,6,ACULTZINGO
2105,30,Veracruz,Ver.,7,CAMARON DE TEJEDA
2106,30,Veracruz,Ver.,8,ALPATLAHUAC
2107,30,Veracruz,Ver.,9,ALTO LUCERO DE GUTIERREZ BARRIOS
2108,30,Veracruz,Ver.,10,ALTOTONGA
2109,30,Veracruz,Ver.,11,ALVARADO
2110,30,Veracruz,Ver.,12,AMATITLAN
2111,30,Veracruz,Ver.,13,NARANJOS AMATLAN
2112,30,Veracruz,Ver.,14,AMATLAN DE LOS REYES
2113,30,Veracruz,Ver.,15,ANGEL R. CABADA
2114,30,Veracruz,Ver.,16,LA ANTIGUA
2115,30,Veracruz,Ver.,17,APAZAPAN
2116,30,Veracruz,Ver.,18,AQUILA
2117,30,Veracruz,Ver.,19,ASTACINGA
2118,30,Veracruz,Ver.,20,ATLAHUILCO
2119,30,Veracruz,Ver.,21,ATOYAC
2120,30,Veracruz,Ver.,22,ATZACAN
2121,30,Veracruz,Ver.,23,ATZALAN
2122,30,Veracruz,Ver.,24,TLALTETELA
2123,30,Veracruz,Ver.,25,AYAHUALULCO
2124,30,Veracruz,Ver.,26,BANDERILLA
2125,30,Veracruz,Ver.,27,BENITO JUAREZ
2126,30,Veracruz,Ver.,28,BOCA DEL RIO
2127,30,Veracruz,Ver.,29,CALCAHUALCO
2128,30,Veracruz,Ver.,30,CAMERINO Z. MENDOZA
2129,30,Veracruz,Ver.,31,CARRILLO PUERTO
2130,30,Veracruz,Ver.,32,CATEMACO
2131,30,Veracruz,Ver.,33,CAZONES DE HERRERA
2132,30,Veracruz,Ver.,34,CERRO AZUL
2133,30,Veracruz,Ver.,35,CITLALTEPETL
2134,30,Veracruz,Ver.,36,COACOATZINTLA
2135,30,Veracruz,Ver.,37,COAHUITLAN
2136,30,Veracruz,Ver.,38,COATEPEC
2137,30,Veracruz,Ver.,39,COATZACOALCOS
2138,30,Veracruz,Ver.,40,COATZINTLA
2139,30,Veracruz,Ver.,41,COETZALA
2140,30,Veracruz,Ver.,42,COLIPA
2141,30,Veracruz,Ver.,43,COMAPA
2142,30,Veracruz,Ver.,44,CORDOBA
2143,30,Veracruz,Ver.,45,COSAMALOAPAN DE CARPIO
2144,30,Veracruz,Ver.,46,COSAUTLAN DE CARVAJAL
2145,30,Veracruz,Ver.,47,COSCOMATEPEC
2146,30,Veracruz,Ver.,48,COSOLEACAQUE
2147,30,Veracruz,Ver.,49,COTAXTLA
2148,30,Veracruz,Ver.,50,COXQUIHUI
2149,30,Veracruz,Ver.,51,COYUTLA
2150,30,Veracruz,Ver.,52,CUICHAPA
2151,30,Veracruz,Ver.,53,CUITLAHUAC
2152,30,Veracruz,Ver.,54,CHACALTIANGUIS
2153,30,Veracruz,Ver.,55,CHALMA
2154,30,Veracruz,Ver.,56,CHICONAMEL
2155,30,Veracruz,Ver.,57,CHICONQUIACO
2156,30,Veracruz,Ver.,58,CHICONTEPEC
2157,30,Veracruz,Ver.,59,CHINAMECA
2158,30,Veracruz,Ver.,60,CHINAMPA DE GOROSTIZA
2159,30,Veracruz,Ver.,61,LAS CHOAPAS
2160,30,Veracruz,Ver.,62,CHOCAMAN
2161,30,Veracruz,Ver.,63,CHONTLA
2162,30,Veracruz,Ver.,64,CHUMATLAN
2163,30,Veracruz,Ver.,65,EMILIANO ZAPATA
2164,30,Veracruz,Ver.,66,ESPINAL
2165,30,Veracruz,Ver.,67,FILOMENO MATA
2166,30,Veracruz,Ver.,68,FORTIN
2167,30,Veracruz,Ver.,69,GUTIERREZ ZAMORA
2168,30,Veracruz,Ver.,70,HIDALGOTITLAN
2169,30,Veracruz,Ver.,71,HUATUSCO
2170,30,Veracruz,Ver.,72,HUAYACOCOTLA
2171,30,Veracruz,Ver.,73,HUEYAPAN DE OCAMPO
2172,30,Veracruz,Ver.,74,HUILOAPAN DE CUAUHTEMOC
2173,30,Veracruz,Ver.,75,IGNACIO DE LA LLAVE
2174,30,Veracruz,Ver.,76,ILAMATLAN
2175,30,Veracruz,Ver.,77,ISLA
2176,30,Veracruz,Ver.,78,IXCATEPEC
2177,30,Veracruz,Ver.,79,IXHUACAN DE LOS REYES
2178,30,Veracruz,Ver.,80,IXHUATLAN DEL CAFE
2179,30,Veracruz,Ver.,81,IXHUATLANCILLO
2180,30,Veracruz,Ver.,82,IXHUATLAN DEL SURESTE
2181,30,Veracruz,Ver.,83,IXHUATLAN DE MADERO
2182,30,Veracruz,Ver.,84,IXMATLAHUACAN
2183,30,Veracruz,Ver.,85,IXTACZOQUITLAN
2184,30,Veracruz,Ver.,86,JALACINGO
2185,30,Veracruz,Ver.,87,XALAPA
2186,30,Veracruz,Ver.,88,JALCOMULCO
2187,30,Veracruz,Ver.,89,JALTIPAN
2188,30,Veracruz,Ver.,90,JAMAPA
2189,30,Veracruz,Ver.,91,JESUS CARRANZA
2190,30,Veracruz,Ver.,92,XICO
2191,30,Veracruz,Ver.,93,JILOTEPEC
2192,30,Veracruz,Ver.,94,JUAN RODRIGUEZ CLARA
2193,30,Veracruz,Ver.,95,JUCHIQUE DE FERRER
2194,30,Veracruz,Ver.,96,LANDERO Y COSS
2195,30,Veracruz,Ver.,97,LERDO DE TEJADA
2196,30,Veracruz,Ver.,98,MAGDALENA
2197,30,Veracruz,Ver.,99,MALTRATA
2198,30,Veracruz,Ver.,100,MANLIO FABIO ALTAMIRANO
2199,30,Veracruz,Ver.,101,MARIANO ESCOBEDO
2200,30,Veracruz,Ver.,102,MARTINEZ DE LA TORRE
2201,30,Veracruz,Ver.,103,MECATLAN
2202,30,Veracruz,Ver.,104,MECAYAPAN
2203,30,Veracruz,Ver.,105,MEDELLIN DE BRAVO
2204,30,Veracruz,Ver.,106,MIAHUATLAN
2205,30,Veracruz,Ver.,107,LAS MINAS
2206,30,Veracruz,Ver.,108,MINATITLAN
2207,30,Veracruz,Ver.,109,MISANTLA
2208,30,Veracruz,Ver.,110,MIXTLA DE ALTAMIRANO
2209,30,Veracruz,Ver.,111,MOLOACAN
2210,30,Veracruz,Ver.,112,NAOLINCO
2211,30,Veracruz,Ver.,113,NARANJAL
2212,30,Veracruz,Ver.,114,NAUTLA
2213,30,Veracruz,Ver.,115,NOGALES
2214,30,Veracruz,Ver.,116,OLUTA
2215,30,Veracruz,Ver.,117,OMEALCA
2216,30,Veracruz,Ver.,118,ORIZABA
2217,30,Veracruz,Ver.,119,OTATITLAN
2218,30,Veracruz,Ver.,120,OTEAPAN
2219,30,Veracruz,Ver.,121,OZULUAMA DE MASCAREÑAS
2220,30,Veracruz,Ver.,122,PAJAPAN
2221,30,Veracruz,Ver.,123,PANUCO
2222,30,Veracruz,Ver.,124,PAPANTLA
2223,30,Veracruz,Ver.,125,PASO DEL MACHO
2224,30,Veracruz,Ver.,126,PASO DE OVEJAS
2225,30,Veracruz,Ver.,127,LA PERLA
2226,30,Veracruz,Ver.,128,PEROTE
2227,30,Veracruz,Ver.,129,PLATON SANCHEZ
2228,30,Veracruz,Ver.,130,PLAYA VICENTE
2229,30,Veracruz,Ver.,131,POZA RICA DE HIDALGO
2230,30,Veracruz,Ver.,132,LAS VIGAS DE RAMIREZ
2231,30,Veracruz,Ver.,133,PUEBLO VIEJO
2232,30,Veracruz,Ver.,134,PUENTE NACIONAL
2233,30,Veracruz,Ver.,135,RAFAEL DELGADO
2234,30,Veracruz,Ver.,136,RAFAEL LUCIO
2235,30,Veracruz,Ver.,137,LOS REYES
2236,30,Veracruz,Ver.,138,RIO BLANCO
2237,30,Veracruz,Ver.,139,SALTABARRANCA
2238,30,Veracruz,Ver.,140,SAN ANDRES TENEJAPAN
2239,30,Veracruz,Ver.,141,SAN ANDRES TUXTLA
2240,30,Veracruz,Ver.,142,SAN JUAN EVANGELISTA
2241,30,Veracruz,Ver.,143,SANTIAGO TUXTLA
2242,30,Veracruz,Ver.,144,SAYULA DE ALEMAN
2243,30,Veracruz,Ver.,145,SOCONUSCO
2244,30,Veracruz,Ver.,146,SOCHIAPA
2245,30,Veracruz,Ver.,147,SOLEDAD ATZOMPA
2246,30,Veracruz,Ver.,148,SOLEDAD DE DOBLADO
2247,30,Veracruz,Ver.,149,SOTEAPAN
2248,30,Veracruz,Ver.,150,TAMALIN
2249,30,Veracruz,Ver.,151,TAMIAHUA
2250,30,Veracruz,Ver.,152,TAMPICO ALTO
2251,30,Veracruz,Ver.,153,TANCOCO
2252,30,Veracruz,Ver.,154,TANTIMA
2253,30,Veracruz,Ver.,155,TANTOYUCA
2254,30,Veracruz,Ver.,156,TATATILA
2255,30,Veracruz,Ver.,157,CASTILLO DE TEAYO
2256,30,Veracruz,Ver.,158,TECOLUTLA
2257,30,Veracruz,Ver.,159,TEHUIPANGO
2258,30,Veracruz,Ver.,160,ALAMO TEMAPACHE
2259,30,Veracruz,Ver.,161,TEMPOAL
2260,30,Veracruz,Ver.,162,TENAMPA
2261,30,Veracruz,Ver.,163,TENOCHTITLAN
2262,30,Veracruz,Ver.,164,TEOCELO
2263,30,Veracruz,Ver.,165,TEPATLAXCO
2264,30,Veracruz,Ver.,166,TEPETLAN
2265,30,Veracruz,Ver.,167,TEPETZINTLA
2266,30,Veracruz,Ver.,168,TEQUILA
2267,30,Veracruz,Ver.,169,JOSE AZUETA
2268,30,Veracruz,Ver.,170,TEXCATEPEC
2269,30,Veracruz,Ver.,171,TEXHUACAN
2270,30,Veracruz,Ver.,172,TEXISTEPEC
2271,30,Veracruz,Ver.,173,TEZONAPA
2272,30,Veracruz,Ver.,174,TIERRA BLANCA
2273,30,Veracruz,Ver.,175,TIHUATLAN
2274,30,Veracruz,Ver.,176,TLACOJALPAN
2275,30,Veracruz,Ver.,177,TLACOLULAN
2276,30,Veracruz,Ver.,178,TLACOTALPAN
2277,30,Veracruz,Ver.,179,TLACOTEPEC DE MEJIA
2278,30,Veracruz,Ver.,180,TLACHICHILCO
2279,30,Veracruz,Ver.,181,TLALIXCOYAN
2280,30,Veracruz,Ver.,182,TLALNELHUAYOCAN
2281,30,Veracruz,Ver.,183,TLAPACOYAN
2282,30,Veracruz,Ver.,184,TLAQUILPA
2283,30,Veracruz,Ver.,185,TLILAPAN
2284,30,Veracruz,Ver.,186,TOMATLAN
2285,30,Veracruz,Ver.,187,TONAYAN
2286,30,Veracruz,Ver.,188,TOTUTLA
2287,30,Veracruz,Ver.,189,TUXPAN
2288,30,Veracruz,Ver.,190,TUXTILLA
2289,30,Veracruz,Ver.,191,URSULO GALVAN
2290,30,Veracruz,Ver.,192,VEGA DE ALATORRE
2291,30,Veracruz,Ver.,193,VERACRUZ
2292,30,Veracruz,Ver.,194,VILLA ALDAMA
2293,30,Veracruz,Ver.,195,XOXOCOTLA
2294,30,Veracruz,Ver.,196,YANGA
2295,30,Veracruz,Ver.,197,YECUATLA
2296,30,Veracruz,Ver.,198,ZACUALPAN
2297,30,Veracruz,Ver.,199,ZARAGOZA
2298,30,Veracruz,Ver.,200,ZENTLA
2299,30,Veracruz,Ver.,201,ZONGOLICA
2300,30,Veracruz,Ver.,202,ZONTECOMATLAN DE LOPEZ Y FUENTES
2301,30,Veracruz,Ver.,203,ZOZOCOLCO DE HIDALGO
2302,30,Veracruz,Ver.,204,AGUA DULCE
2303,30,Veracruz,Ver.,205,EL HIGO
2304,30,Veracruz,Ver.,206,NANCHITAL DE LAZARO CARDENAS DEL RIO
2305,30,Veracruz,Ver.,207,TRES VALLES
2306,30,Veracruz,Ver.,208,CARLOS A. CARRILLO
2307,30,Veracruz,Ver.,209,TATAHUICAPAN DE JUAREZ
2308,30,Veracruz,Ver.,210,UXPANAPA
2309,30,Veracruz,Ver.,211,SAN RAFAEL
2310,30,Veracruz,Ver.,212,SANTIAGO SOCHIAPAN
2311,31,Yucatan,Yuc.,1,ABALA
2312,31,Yucatan,Yuc.,2,ACANCEH
2313,31,Yucatan,Yuc.,3,AKIL
2314,31,Yucatan,Yuc.,4,BACA
2315,31,Yucatan,Yuc.,5,BOKOBA
2316,31,Yucatan,Yuc.,6,BUCTZOTZ
2317,31,Yucatan,Yuc.,7,CACALCHEN
2318,31,Yucatan,Yuc.,8,CALOTMUL
2319,31,Yucatan,Yuc.,9,CANSAHCAB
2320,31,Yucatan,Yuc.,10,CANTAMAYEC
2321,31,Yucatan,Yuc.,11,CELESTUN
2322,31,Yucatan,Yuc.,12,CENOTILLO
2323,31,Yucatan,Yuc.,13,CONKAL
2324,31,Yucatan,Yuc.,14,CUNCUNUL
2325,31,Yucatan,Yuc.,15,CUZAMA
2326,31,Yucatan,Yuc.,16,CHACSINKIN
2327,31,Yucatan,Yuc.,17,CHANKOM
2328,31,Yucatan,Yuc.,18,CHAPAB
2329,31,Yucatan,Yuc.,19,CHEMAX
2330,31,Yucatan,Yuc.,20,CHICXULUB PUEBLO
2331,31,Yucatan,Yuc.,21,CHICHIMILA
2332,31,Yucatan,Yuc.,22,CHIKINDZONOT
2333,31,Yucatan,Yuc.,23,CHOCHOLA
2334,31,Yucatan,Yuc.,24,CHUMAYEL
2335,31,Yucatan,Yuc.,25,DZAN
2336,31,Yucatan,Yuc.,26,DZEMUL
2337,31,Yucatan,Yuc.,27,DZIDZANTUN
2338,31,Yucatan,Yuc.,28,DZILAM DE BRAVO
2339,31,Yucatan,Yuc.,29,DZILAM GONZALEZ
2340,31,Yucatan,Yuc.,30,DZITAS
2341,31,Yucatan,Yuc.,31,DZONCAUICH
2342,31,Yucatan,Yuc.,32,ESPITA
2343,31,Yucatan,Yuc.,33,HALACHO
2344,31,Yucatan,Yuc.,34,HOCABA
2345,31,Yucatan,Yuc.,35,HOCTUN
2346,31,Yucatan,Yuc.,36,HOMUN
2347,31,Yucatan,Yuc.,37,HUHI
2348,31,Yucatan,Yuc.,38,HUNUCMA
2349,31,Yucatan,Yuc.,39,IXIL
2350,31,Yucatan,Yuc.,40,IZAMAL
2351,31,Yucatan,Yuc.,41,KANASIN
2352,31,Yucatan,Yuc.,42,KANTUNIL
2353,31,Yucatan,Yuc.,43,KAUA
2354,31,Yucatan,Yuc.,44,KINCHIL
2355,31,Yucatan,Yuc.,45,KOPOMA
2356,31,Yucatan,Yuc.,46,MAMA
2357,31,Yucatan,Yuc.,47,MANI
2358,31,Yucatan,Yuc.,48,MAXCANU
2359,31,Yucatan,Yuc.,49,MAYAPAN
2360,31,Yucatan,Yuc.,50,MERIDA
2361,31,Yucatan,Yuc.,51,MOCOCHA
2362,31,Yucatan,Yuc.,52,MOTUL
2363,31,Yucatan,Yuc.,53,MUNA
2364,31,Yucatan,Yuc.,54,MUXUPIP
2365,31,Yucatan,Yuc.,55,OPICHEN
2366,31,Yucatan,Yuc.,56,OXKUTZCAB
2367,31,Yucatan,Yuc.,57,PANABA
2368,31,Yucatan,Yuc.,58,PETO
2369,31,Yucatan,Yuc.,59,PROGRESO
2370,31,Yucatan,Yuc.,60,QUINTANA ROO
2371,31,Yucatan,Yuc.,61,RIO LAGARTOS
2372,31,Yucatan,Yuc.,62,SACALUM
2373,31,Yucatan,Yuc.,63,SAMAHIL
2374,31,Yucatan,Yuc.,64,SANAHCAT
2375,31,Yucatan,Yuc.,65,SAN FELIPE
2376,31,Yucatan,Yuc.,66,SANTA ELENA
2377,31,Yucatan,Yuc.,67,SEYE
2378,31,Yucatan,Yuc.,68,SINANCHE
2379,31,Yucatan,Yuc.,69,SOTUTA
2380,31,Yucatan,Yuc.,70,SUCILA
2381,31,Yucatan,Yuc.,71,SUDZAL
2382,31,Yucatan,Yuc.,72,SUMA
2383,31,Yucatan,Yuc.,73,TAHDZIU
2384,31,Yucatan,Yuc.,74,TAHMEK
2385,31,Yucatan,Yuc.,75,TEABO
2386,31,Yucatan,Yuc.,76,TECOH
2387,31,Yucatan,Yuc.,77,TEKAL DE VENEGAS
2388,31,Yucatan,Yuc.,78,TEKANTO
2389,31,Yucatan,Yuc.,79,TEKAX
2390,31,Yucatan,Yuc.,80,TEKIT
2391,31,Yucatan,Yuc.,81,TEKOM
2392,31,Yucatan,Yuc.,82,TELCHAC PUEBLO
2393,31,Yucatan,Yuc.,83,TELCHAC PUERTO
2394,31,Yucatan,Yuc.,84,TEMAX
2395,31,Yucatan,Yuc.,85,TEMOZON
2396,31,Yucatan,Yuc.,86,TEPAKAN
2397,31,Yucatan,Yuc.,87,TETIZ
2398,31,Yucatan,Yuc.,88,TEYA
2399,31,Yucatan,Yuc.,89,TICUL
2400,31,Yucatan,Yuc.,90,TIMUCUY
2401,31,Yucatan,Yuc.,91,TINUM
2402,31,Yucatan,Yuc.,92,TIXCACALCUPUL
2403,31,Yucatan,Yuc.,93,TIXKOKOB
2404,31,Yucatan,Yuc.,94,TIXMEHUAC
2405,31,Yucatan,Yuc.,95,TIXPEHUAL
2406,31,Yucatan,Yuc.,96,TIZIMIN
2407,31,Yucatan,Yuc.,97,TUNKAS
2408,31,Yucatan,Yuc.,98,TZUCACAB
2409,31,Yucatan,Yuc.,99,UAYMA
2410,31,Yucatan,Yuc.,100,UCU
2411,31,Yucatan,Yuc.,101,UMAN
2412,31,Yucatan,Yuc.,102,VALLADOLID
2413,31,Yucatan,Yuc.,103,XOCCHEL
2414,31,Yucatan,Yuc.,104,YAXCABA
2415,31,Yucatan,Yuc.,105,YAXKUKUL
2416,31,Yucatan,Yuc.,106,YOBAIN
2417,32,Zacatecas,Zac.,1,APOZOL
2418,32,Zacatecas,Zac.,2,APULCO
2419,32,Zacatecas,Zac.,3,ATOLINGA
2420,32,Zacatecas,Zac.,4,BENITO JUAREZ
2421,32,Zacatecas,Zac.,5,CALERA
2422,32,Zacatecas,Zac.,6,CAÑITAS DE FELIPE PESCADOR
2423,32,Zacatecas,Zac.,7,CONCEPCION DEL ORO
2424,32,Zacatecas,Zac.,8,CUAUHTEMOC
2425,32,Zacatecas,Zac.,9,CHALCHIHUITES
2426,32,Zacatecas,Zac.,10,FRESNILLO
2427,32,Zacatecas,Zac.,11,TRINIDAD GARCIA DE LA CADENA
2428,32,Zacatecas,Zac.,12,GENARO CODINA
2429,32,Zacatecas,Zac.,13,GENERAL ENRIQUE ESTRADA
2430,32,Zacatecas,Zac.,14,GENERAL FRANCISCO R. MURGUIA
2431,32,Zacatecas,Zac.,15,EL PLATEADO DE JOAQUIN AMARO
2432,32,Zacatecas,Zac.,16,GENERAL PANFILO NATERA
2433,32,Zacatecas,Zac.,17,GUADALUPE
2434,32,Zacatecas,Zac.,18,HUANUSCO
2435,32,Zacatecas,Zac.,19,JALPA
2436,32,Zacatecas,Zac.,20,JEREZ
2437,32,Zacatecas,Zac.,21,JIMENEZ DEL TEUL
2438,32,Zacatecas,Zac.,22,JUAN ALDAMA
2439,32,Zacatecas,Zac.,23,JUCHIPILA
2440,32,Zacatecas,Zac.,24,LORETO
2441,32,Zacatecas,Zac.,25,LUIS MOYA
2442,32,Zacatecas,Zac.,26,MAZAPIL
2443,32,Zacatecas,Zac.,27,MELCHOR OCAMPO
2444,32,Zacatecas,Zac.,28,MEZQUITAL DEL ORO
2445,32,Zacatecas,Zac.,29,MIGUEL AUZA
2446,32,Zacatecas,Zac.,30,MOMAX
2447,32,Zacatecas,Zac.,31,MONTE ESCOBEDO
2448,32,Zacatecas,Zac.,32,MORELOS
2449,32,Zacatecas,Zac.,33,MOYAHUA DE ESTRADA
2450,32,Zacatecas,Zac.,34,NOCHISTLAN DE MEJIA
2451,32,Zacatecas,Zac.,35,NORIA DE ANGELES
2452,32,Zacatecas,Zac.,36,OJOCALIENTE
2453,32,Zacatecas,Zac.,37,PANUCO
2454,32,Zacatecas,Zac.,38,PINOS
2455,32,Zacatecas,Zac.,39,RIO GRANDE
2456,32,Zacatecas,Zac.,40,SAIN ALTO
2457,32,Zacatecas,Zac.,41,EL SALVADOR
2458,32,Zacatecas,Zac.,42,SOMBRERETE
2459,32,Zacatecas,Zac.,43,SUSTICACAN
2460,32,Zacatecas,Zac.,44,TABASCO
2461,32,Zacatecas,Zac.,45,TEPECHITLAN
2462,32,Zacatecas,Zac.,46,TEPETONGO
2463,32,Zacatecas,Zac.,47,TEUL DE GONZALEZ ORTEGA
2464,32,Zacatecas,Zac.,48,TLALTENANGO DE SANCHEZ ROMAN
2465,32,Zacatecas,Zac.,49,VALPARAISO
2466,32,Zacatecas,Zac.,50,VETAGRANDE
2467,32,Zacatecas,Zac.,51,VILLA DE COS
2468,32,Zacatecas,Zac.,52,VILLA GARCIA
2469,32,Zacatecas,Zac.,53,VILLA GONZALEZ ORTEGA
2470,32,Zacatecas,Zac.,54,VILLA HIDALGO
2471,32,Zacatecas,Zac.,55,VILLANUEVA
2472,32,Zacatecas,Zac.,56,ZACATECAS
2473,32,Zacatecas,Zac.,57,TRANCOSO
2474,32,Zacatecas,Zac.,58,SANTA MARIA DE LA PAZ
